;CustomerID;Frequency;Monetary;Recency
0;17850.0;175;2932;301
1;13047.0;124;1926;31
2;12583.0;157;4826;2
3;15291.0;73;3020;25
4;14688.0;223;3048;7
5;15311.0;1528;36433;0
6;14527.0;611;4718;2
7;16098.0;41;1354;87
8;18074.0;5;205;373
9;17420.0;20;381;49
10;16029.0;156;28991;38
11;16250.0;16;274;260
12;12431.0;155;3919;35
13;17511.0;652;53054;2
14;17548.0;12;-107;217
15;13705.0;21;443;7
16;13408.0;295;15583;1
17;13767.0;251;10762;1
18;17924.0;27;2265;10
19;13448.0;126;2319;16
20;15862.0;87;524;7
21;15513.0;196;9028;30
22;12791.0;1;15;373
23;16218.0;51;1706;29
24;14045.0;5;1414;108
25;14307.0;118;1940;88
26;17908.0;34;141;373
27;17920.0;449;2872;3
28;12838.0;67;418;33
29;13255.0;7;217;3
30;16583.0;9;152;373
31;18085.0;15;417;329
32;13758.0;71;1860;11
33;13694.0;327;33363;3
34;15983.0;72;1000;21
35;14849.0;226;4321;21
36;17968.0;51;133;373
37;16210.0;67;10530;1
38;17897.0;72;376;172
39;17377.0;247;2666;23
40;16552.0;10;262;242
41;17951.0;13;682;39
42;14729.0;41;177;373
43;12748.0;2752;18838;0
44;15012.0;85;266;53
45;12868.0;60;920;185
46;17572.0;7;127;70
47;14078.0;42;632;101
48;14001.0;22;1180;45
49;12662.0;139;2320;0
50;15525.0;100;473;1
51;14237.0;4;84;372
52;17905.0;25;515;156
53;15485.0;53;1435;29
54;12433.0;252;8220;0
55;16955.0;15;330;184
56;15350.0;4;90;372
57;15605.0;43;758;35
58;18144.0;18;1094;7
59;15922.0;7;172;371
60;14594.0;26;167;6
61;15165.0;15;275;372
62;14911.0;3589;80726;0
63;16456.0;64;1059;98
64;17841.0;4782;23934;1
65;12472.0;244;3758;31
66;17346.0;312;1677;3
67;17643.0;6;70;372
68;17873.0;29;1004;79
69;13093.0;104;5158;266
70;12921.0;442;9828;3
71;13468.0;180;3058;1
72;17760.0;14;173;21
73;16928.0;125;1509;79
74;16048.0;5;87;85
75;16274.0;34;209;372
76;14496.0;9;240;311
77;14696.0;80;1301;3
78;16539.0;26;613;2
79;17025.0;5;208;60
80;13777.0;126;16279;0
81;17690.0;153;2952;29
82;12947.0;60;819;143
83;17460.0;27;280;78
84;18229.0;101;4386;11
85;14142.0;10;157;372
86;17069.0;86;1466;27
87;13065.0;6;86;372
88;14606.0;1709;7238;0
89;16835.0;6;115;127
90;15235.0;88;1432;217
91;13576.0;73;3866;9
92;18011.0;17;59;372
93;13090.0;98;4794;8
94;15694.0;45;3713;0
95;14741.0;36;834;11
96;13715.0;58;531;280
97;14092.0;143;2723;7
98;17732.0;10;171;372
99;12855.0;2;20;372
100;15752.0;253;1557;39
101;17855.0;11;127;372
102;14047.0;19;452;8
103;17925.0;1;244;372
104;13941.0;32;3604;21
105;17017.0;149;4691;2
106;14135.0;84;3220;1
107;13108.0;7;223;372
108;15601.0;256;4064;10
109;13418.0;184;3171;11
110;15658.0;26;427;197
111;14388.0;128;2115;8
112;14901.0;61;882;10
113;18041.0;298;2688;11
114;15955.0;102;2335;23
115;16244.0;52;863;211
116;15111.0;55;1023;28
117;14390.0;194;3047;9
118;16546.0;19;221;290
119;15260.0;38;838;99
120;13305.0;52;1157;3
121;14491.0;14;289;174
122;14060.0;110;3498;4
123;15923.0;11;61;372
124;16752.0;6;156;372
125;17287.0;77;746;25
126;15363.0;8;172;240
127;12915.0;13;205;148
128;15544.0;159;2206;8
129;15738.0;107;2926;18
130;16042.0;42;604;21
131;17381.0;66;10737;23
132;15827.0;88;1077;72
133;14180.0;151;2907;10
134;13117.0;54;664;21
135;16916.0;77;302;23
136;17964.0;55;238;31
137;14466.0;43;1254;28
138;17235.0;18;218;24
139;16510.0;7;147;371
140;17802.0;88;818;81
141;15107.0;11;101;329
142;17976.0;35;221;371
143;14449.0;164;607;18
144;15838.0;103;19904;10
145;16781.0;13;192;364
146;17547.0;2;-11;371
147;13491.0;46;659;51
148;16186.0;122;2241;22
149;17685.0;88;2237;16
150;17581.0;277;6739;0
151;15732.0;10;215;211
152;13138.0;31;477;21
153;15823.0;11;-435;336
154;17567.0;95;1960;6
155;15061.0;239;33058;3
156;16203.0;23;401;58
157;15640.0;296;7760;3
158;15574.0;108;521;177
159;16770.0;91;465;57
160;17838.0;83;1240;26
161;17228.0;120;1102;15
162;14829.0;31;417;28
163;17412.0;39;707;2
164;14031.0;140;6244;6
165;14775.0;39;619;57
166;12971.0;182;5868;3
167;15834.0;183;1488;69
168;17659.0;101;1860;16
169;15299.0;10;3557;66
170;15646.0;21;230;157
171;13958.0;5;-102;371
172;14443.0;58;813;53
173;13402.0;25;387;126
174;18168.0;87;715;175
175;17757.0;441;3497;0
176;14625.0;34;468;184
177;13011.0;2;32;371
178;13798.0;272;23179;0
179;15384.0;26;359;169
180;14264.0;12;225;154
181;13295.0;9;155;359
182;16754.0;2;2002;371
183;16634.0;7;182;222
184;18239.0;57;1048;218
185;14576.0;1;35;371
186;13145.0;6;569;39
187;14395.0;210;2102;1
188;14865.0;1;9;371
189;15093.0;64;2526;17
190;12738.0;7;89;371
191;16150.0;79;989;38
192;17552.0;34;631;59
193;14236.0;7;240;80
194;17961.0;160;774;20
195;14573.0;148;883;179
196;17135.0;26;503;15
197;17396.0;16;3551;38
198;14213.0;4;-825;371
199;12967.0;21;848;2
200;12686.0;4;43;371
201;14679.0;1;-2;371
202;15240.0;52;1035;44
203;13370.0;27;429;365
204;16883.0;19;154;186
205;13520.0;58;2436;58
206;12841.0;262;2375;4
207;16905.0;123;1845;4
208;12427.0;18;439;21
209;17967.0;29;60;371
210;16891.0;109;437;1
211;14589.0;2;31;371
212;14680.0;198;18273;24
213;17884.0;77;440;3
214;12557.0;24;7709;15
215;14083.0;105;562;3
216;13013.0;135;2977;0
217;17809.0;32;2440;15
218;14210.0;56;1076;90
219;16477.0;88;1468;63
220;12600.0;42;1582;28
221;16013.0;96;20909;3
222;12779.0;91;1998;20
223;16926.0;10;141;370
224;17787.0;85;1122;152
225;12682.0;312;7172;3
226;14723.0;160;671;9
227;17954.0;301;1293;4
228;17819.0;33;2605;182
229;12712.0;93;2763;22
230;15373.0;78;1449;7
231;16140.0;21;398;52
232;17198.0;65;417;23
233;17238.0;347;2342;2
234;12793.0;12;261;334
235;14396.0;40;244;64
236;14898.0;70;850;22
237;12725.0;18;320;370
238;16725.0;93;460;301
239;12395.0;89;1606;15
240;16455.0;58;1014;63
241;13081.0;647;16516;0
242;15545.0;50;195;53
243;17243.0;249;5138;0
244;15465.0;62;4447;19
245;15708.0;182;2087;40
246;13089.0;1132;35292;2
247;16033.0;665;5048;5
248;13838.0;116;488;5
249;15351.0;136;1250;11
250;18055.0;224;4275;6
251;15038.0;77;443;68
252;18109.0;299;4979;1
253;13069.0;295;2379;0
254;16241.0;382;1458;9
255;14800.0;228;2645;47
256;16839.0;184;9606;8
257;16168.0;54;1625;10
258;16931.0;534;2703;4
259;16814.0;189;3771;13
260;13269.0;191;3208;0
261;14813.0;16;101;369
262;12567.0;283;5441;22
263;17062.0;43;318;313
264;15332.0;24;1038;365
265;14810.0;156;1236;40
266;16353.0;55;3750;7
267;18118.0;751;3396;10
268;13831.0;51;1461;15
269;13506.0;21;322;311
270;17796.0;43;362;39
271;15716.0;71;681;145
272;18156.0;91;428;12
273;15221.0;4;9;365
274;16983.0;87;983;12
275;17059.0;318;1974;29
276;16327.0;197;2326;13
277;17211.0;124;1278;26
278;17026.0;3;142;184
279;15570.0;185;2335;6
280;15880.0;65;227;368
281;16718.0;31;402;368
282;15808.0;118;1926;305
283;17858.0;118;2616;5
284;16393.0;219;1712;1
285;14161.0;69;762;215
286;17863.0;86;1809;58
287;16411.0;25;133;18
288;16402.0;39;164;264
289;15023.0;329;3933;2
290;15426.0;182;951;18
291;12647.0;77;2401;21
292;15894.0;26;184;252
293;15867.0;268;2191;4
294;14506.0;199;1287;16
295;15555.0;525;2436;11
296;13034.0;19;320;54
297;17402.0;40;1217;4
298;15889.0;57;257;156
299;15953.0;58;893;14
300;16143.0;72;1266;2
301;12720.0;218;3368;2
302;16422.0;231;19456;16
303;12747.0;55;2341;1
304;15502.0;135;-40;15
305;12763.0;10;276;137
306;14081.0;83;469;266
307;17965.0;199;1578;37
308;14404.0;72;967;33
309;13579.0;17;350;14
310;13174.0;178;1634;15
311;15987.0;80;570;11
312;17677.0;172;8789;1
313;13652.0;32;555;45
314;17428.0;203;9548;0
315;16858.0;9;246;365
316;16161.0;296;3152;1
317;18219.0;63;1012;2
318;14293.0;38;685;2
319;14748.0;51;814;28
320;16638.0;56;1063;22
321;17674.0;15;293;73
322;12808.0;15;242;36
323;13094.0;22;945;20
324;15899.0;4;56;368
325;12708.0;114;1703;29
326;15898.0;58;862;0
327;17691.0;12;180;357
328;17227.0;29;603;18
329;15039.0;923;11898;9
330;15919.0;72;278;19
331;13497.0;11;223;282
332;15860.0;86;535;40
333;14189.0;176;2933;1
334;15304.0;16;332;60
335;14344.0;45;483;126
336;16719.0;128;1185;14
337;15048.0;55;228;64
338;15301.0;145;3073;50
339;14708.0;20;865;2
340;16898.0;98;306;25
341;14825.0;76;1439;3
342;17596.0;169;1939;22
343;15078.0;286;6109;6
344;14085.0;271;2661;1
345;17860.0;39;193;368
346;13155.0;58;601;32
347;15028.0;27;306;7
348;16919.0;208;1662;155
349;17259.0;68;314;147
350;17019.0;141;794;10
351;16722.0;134;2983;16
352;15882.0;16;297;198
353;14667.0;351;5725;10
354;16710.0;250;1556;18
355;15984.0;160;1648;2
356;14487.0;96;765;26
357;17682.0;70;1430;9
358;16658.0;6;48;367
359;16550.0;173;1532;108
360;17068.0;186;2776;11
361;15356.0;341;1743;30
362;17223.0;28;262;309
363;16817.0;58;944;2
364;13030.0;56;443;10
365;17191.0;143;1346;27
366;15194.0;188;4401;2
367;14409.0;34;1244;70
368;16654.0;21;422;140
369;16861.0;6;120;59
370;16138.0;1;-7;367
371;13481.0;59;891;45
372;13495.0;27;743;7
373;17519.0;49;1065;16
374;17218.0;166;1141;3
375;17812.0;96;449;12
376;14215.0;62;1013;11
377;15602.0;33;602;7
378;17320.0;41;619;99
379;16782.0;111;1322;9
380;12913.0;33;1659;4
381;17869.0;26;301;106
382;13564.0;53;782;143
383;14850.0;17;224;311
384;15021.0;275;988;8
385;13963.0;17;304;307
386;17450.0;218;110934;7
387;17091.0;118;2244;2
388;17470.0;48;727;44
389;17616.0;2;408;254
390;15649.0;1;510;367
391;12681.0;378;8267;14
392;14907.0;106;2030;2
393;17735.0;431;8203;1
394;16059.0;115;988;65
395;17720.0;29;693;25
396;15018.0;21;291;38
397;14733.0;126;5699;8
398;13756.0;69;2529;1
399;14176.0;23;440;296
400;13319.0;312;6569;4
401;15353.0;40;506;254
402;18119.0;16;75;367
403;17491.0;55;1647;0
404;14282.0;93;2119;2
405;13569.0;54;222;16
406;14673.0;50;1279;2
407;13488.0;258;5363;16
408;16221.0;68;587;36
409;15002.0;71;1004;115
410;15965.0;74;519;16
411;15024.0;86;920;9
412;17675.0;458;12805;0
413;13769.0;83;1660;1
414;16904.0;414;2119;3
415;16086.0;23;510;58
416;13786.0;7;230;366
417;13880.0;98;1956;20
418;13173.0;28;258;3
419;15858.0;118;880;15
420;15180.0;6;87;366
421;12347.0;103;2461;1
422;14739.0;30;2277;3
423;16293.0;67;1288;8
424;17419.0;108;2132;10
425;16775.0;87;923;9
426;16306.0;23;289;213
427;16950.0;31;867;56
428;17591.0;102;1310;72
429;12839.0;201;3341;2
430;13807.0;4;66;366
431;16125.0;8;190;366
432;15081.0;20;333;21
433;15100.0;2;-164;329
434;18102.0;264;161999;0
435;16365.0;25;1009;17
436;14821.0;1;23;366
437;16863.0;19;392;30
438;13078.0;234;8259;0
439;13267.0;132;2639;2
440;13050.0;265;3617;8
441;12709.0;162;6374;2
442;15628.0;87;1580;4
443;12386.0;8;303;337
444;14796.0;708;4587;0
445;16779.0;202;6129;1
446;13599.0;161;3290;0
447;13329.0;8;295;31
448;18077.0;135;1535;7
449;14744.0;11;185;15
450;17406.0;72;1131;329
451;15750.0;194;1614;2
452;13983.0;70;1355;29
453;13842.0;123;2017;58
454;12441.0;8;130;366
455;13199.0;73;5840;3
456;14032.0;110;1974;1
457;17706.0;246;6228;3
458;16081.0;132;1581;55
459;16525.0;118;6882;1
460;14952.0;85;4939;45
461;17975.0;170;2114;14
462;16122.0;21;307;72
463;13126.0;89;1251;4
464;15973.0;2;214;366
465;16558.0;270;4661;0
466;16893.0;28;77;366
467;15529.0;402;2369;22
468;15498.0;332;8527;2
469;18043.0;75;363;24
470;16016.0;140;812;2
471;17722.0;67;1217;95
472;17324.0;35;727;17
473;17341.0;110;457;156
474;14051.0;121;9273;0
475;15916.0;97;953;15
476;16233.0;17;323;70
477;16385.0;33;229;59
478;15032.0;27;1931;255
479;16713.0;352;3816;18
480;17213.0;95;1583;39
481;18061.0;27;1188;21
482;13113.0;177;5978;0
483;13455.0;32;650;24
484;14217.0;57;1128;1
485;17262.0;8;605;51
486;14299.0;104;1392;7
487;18259.0;31;1754;24
488;17676.0;44;734;3
489;18269.0;6;150;365
490;12766.0;179;4040;3
491;15298.0;114;2136;1
492;18193.0;9;99;164
493;13523.0;111;2416;32
494;12870.0;2;-14;365
495;15005.0;661;3460;15
496;15581.0;100;3157;120
497;15680.0;41;673;8
498;13649.0;15;170;256
499;17894.0;107;700;71
500;14866.0;65;9866;10
501;13077.0;69;386;0
502;13115.0;84;1416;11
503;13531.0;16;365;204
504;13848.0;3;690;91
505;13140.0;21;208;107
506;15713.0;15;266;142
507;17999.0;49;194;36
508;15347.0;3;155;365
509;14766.0;76;1448;7
510;17340.0;253;7195;8
511;13984.0;12;-138;26
512;15996.0;80;656;87
513;14030.0;147;1440;17
514;16252.0;12;-150;365
515;16596.0;8;162;15
516;16700.0;195;3059;8
517;16011.0;124;2059;7
518;17655.0;48;1238;10
519;16717.0;159;2227;8
520;14243.0;97;1665;8
521;12963.0;67;1270;7
522;15079.0;29;512;212
523;14437.0;5;-53;142
524;12942.0;46;423;130
525;15660.0;60;991;24
526;18092.0;52;5599;1
527;15358.0;347;5200;4
528;12481.0;136;3664;22
529;12721.0;100;1485;31
530;12621.0;286;8361;1
531;18071.0;13;262;257
532;12683.0;217;5253;3
533;12755.0;5;2193;249
534;13854.0;65;4342;8
535;12797.0;13;159;359
536;13369.0;10;134;353
537;12494.0;49;640;9
538;17857.0;34;19124;3
539;14932.0;12;221;365
540;12429.0;57;2138;8
541;14987.0;4;326;15
542;14355.0;6;90;365
543;17526.0;17;767;0
544;14896.0;25;313;204
545;14440.0;32;1581;7
546;13240.0;42;414;95
547;14479.0;8;141;253
548;16065.0;46;236;364
549;17430.0;10;202;32
550;16520.0;92;507;185
551;15945.0;1;167;364
552;15856.0;393;9685;3
553;13102.0;178;3848;0
554;14205.0;22;125;10
555;17702.0;53;1295;29
556;15271.0;174;1527;6
557;13982.0;67;1040;38
558;15288.0;48;1165;42
559;17978.0;8;231;364
560;16795.0;48;300;364
561;16519.0;10;185;24
562;17816.0;12;24;36
563;16255.0;179;1672;16
564;17671.0;43;600;15
565;17646.0;39;710;218
566;12649.0;22;391;106
567;16350.0;31;602;20
568;12872.0;42;324;326
569;17339.0;4;58;93
570;18230.0;51;1380;8
571;16499.0;15;203;359
572;17097.0;129;572;1
573;15192.0;29;614;119
574;14441.0;28;697;0
575;15279.0;13;141;354
576;16579.0;1;-30;364
577;17442.0;89;1429;28
578;17950.0;51;336;71
579;12826.0;56;803;2
580;17456.0;7;95;364
581;15811.0;77;1131;16
582;13327.0;64;2433;38
583;17700.0;95;1636;16
584;13136.0;84;1523;49
585;15535.0;51;302;172
586;12605.0;2;-3;364
587;15329.0;35;594;34
588;15211.0;29;494;59
589;15596.0;47;747;100
590;16163.0;6;856;231
591;16907.0;86;545;28
592;17576.0;248;2149;7
593;14713.0;198;1515;8
594;14702.0;210;1932;0
595;13230.0;354;1512;3
596;13969.0;368;4813;6
597;17530.0;237;1412;0
598;15805.0;181;3095;22
599;12471.0;304;10975;1
600;17696.0;82;1484;37
601;17076.0;17;589;35
602;17827.0;120;1143;4
603;16265.0;153;3291;8
604;17880.0;19;328;364
605;13000.0;20;392;106
606;17790.0;112;1125;26
607;12731.0;169;10257;23
608;14419.0;124;658;10
609;14082.0;18;145;364
610;17912.0;28;228;358
611;15723.0;25;114;364
612;16656.0;45;4708;21
613;14037.0;15;94;175
614;14256.0;34;590;253
615;14543.0;66;2069;3
616;16062.0;39;842;9
617;18116.0;234;885;67
618;16019.0;97;2334;1
619;18178.0;54;893;128
620;18065.0;82;1446;5
621;13148.0;214;2159;28
622;12989.0;40;3339;2
623;14107.0;80;1694;51
624;15881.0;18;229;311
625;12785.0;12;252;2
626;16727.0;27;171;363
627;15514.0;141;2204;11
628;13787.0;21;218;75
629;17865.0;237;6195;30
630;17220.0;271;1872;23
631;16565.0;1;17;363
632;16873.0;184;4435;4
633;14062.0;67;6794;9
634;15179.0;53;1048;17
635;18016.0;72;917;31
636;14448.0;12;90;8
637;15503.0;44;87;362
638;17251.0;22;158;362
639;16923.0;417;3703;11
640;14159.0;774;3080;19
641;17126.0;168;619;151
642;15224.0;10;230;357
643;14577.0;66;448;12
644;12753.0;126;10487;3
645;17236.0;65;508;12
646;17372.0;161;800;40
647;16367.0;79;529;36
648;17917.0;53;199;44
649;16010.0;53;231;245
650;17085.0;116;951;122
651;13668.0;301;3799;2
652;14684.0;240;661;25
653;17188.0;57;1578;10
654;15547.0;394;2836;6
655;15998.0;299;1838;36
656;14413.0;17;93;361
657;18004.0;28;117;361
658;13959.0;53;310;78
659;16665.0;7;115;361
660;15454.0;15;117;361
661;15044.0;280;4419;18
662;17937.0;24;2470;8
663;14608.0;12;979;3
664;17618.0;48;647;5
665;14505.0;462;3324;16
666;18037.0;11;23;224
667;13198.0;141;2140;9
668;12540.0;283;7962;19
669;13225.0;19;3496;2
670;15361.0;4;100;361
671;15689.0;5;128;119
672;14290.0;62;1491;10
673;13209.0;201;3393;29
674;13999.0;133;2539;9
675;14498.0;115;1315;42
676;15854.0;75;1460;3
677;16701.0;96;2863;8
678;16927.0;3;285;115
679;17990.0;19;413;236
680;14544.0;61;905;23
681;17338.0;465;3983;16
682;17231.0;331;1929;11
683;17799.0;227;1664;21
684;14565.0;74;1760;95
685;16726.0;118;908;25
686;17303.0;29;152;360
687;14639.0;109;1864;51
688;17611.0;369;2470;3
689;17179.0;50;401;177
690;12476.0;164;3958;0
691;17293.0;81;975;7
692;17890.0;53;352;322
693;17375.0;38;177;189
694;17371.0;60;290;16
695;17969.0;12;190;165
696;15159.0;434;11576;1
697;13211.0;26;763;9
698;15777.0;13;465;240
699;14525.0;184;2522;8
700;13324.0;42;3767;31
701;13802.0;42;2114;137
702;13948.0;3;101;360
703;13008.0;9;74;322
704;14206.0;12;159;238
705;16202.0;10;187;360
706;16442.0;117;361;1
707;18075.0;91;1483;22
708;16570.0;83;2176;8
709;14524.0;124;994;31
710;18141.0;1;-35;360
711;12434.0;39;597;84
712;16810.0;10;177;191
713;14961.0;195;4542;10
714;17041.0;46;731;26
715;16458.0;113;1856;2
716;16083.0;15;493;100
717;16262.0;3;-31;360
718;17194.0;16;84;360
719;14057.0;184;4097;23
720;14871.0;53;275;2
721;13178.0;150;3325;25
722;18044.0;77;1221;3
723;16812.0;11;392;360
724;16191.0;96;2659;2
725;12370.0;97;2114;50
726;14298.0;990;31227;2
727;17158.0;39;790;31
728;14415.0;370;3619;0
729;16899.0;68;629;7
730;16531.0;51;819;21
731;17404.0;118;16833;3
732;16556.0;131;2104;66
733;16805.0;66;271;173
734;16503.0;48;744;106
735;16553.0;47;3196;162
736;17739.0;27;1809;11
737;13238.0;18;321;10
738;12829.0;6;213;336
739;13097.0;254;3244;32
740;12867.0;368;2725;25
741;15392.0;53;940;4
742;13846.0;30;453;24
743;14401.0;112;2593;3
744;16145.0;143;2340;8
745;17629.0;74;1192;5
746;14150.0;15;244;35
747;13496.0;21;375;10
748;13611.0;45;719;88
749;16954.0;32;1226;0
750;17454.0;32;310;191
751;17449.0;160;1359;1
752;17230.0;43;1880;263
753;15950.0;54;863;1
754;15512.0;5;83;155
755;17525.0;5;197;359
756;13458.0;236;5508;6
757;14426.0;159;2061;18
758;16003.0;63;1581;29
759;13092.0;18;305;70
760;13426.0;96;1978;0
761;15101.0;6;224;8
762;17033.0;19;476;85
763;13221.0;42;501;239
764;14201.0;23;478;59
765;17692.0;26;416;126
766;15822.0;18;517;2
767;16134.0;24;344;21
768;17551.0;28;209;358
769;18050.0;3;50;358
770;14913.0;50;769;35
771;12666.0;1;-91;358
772;15641.0;81;1348;104
773;13124.0;141;2412;89
774;17214.0;68;766;59
775;15456.0;36;244;282
776;15062.0;35;601;70
777;12928.0;48;1021;34
778;15727.0;192;2886;16
779;17980.0;13;408;165
780;15290.0;131;5151;4
781;15615.0;278;6381;9
782;12577.0;82;297;34
783;17044.0;3;290;24
784;13829.0;1;-102;358
785;13266.0;109;1736;10
786;17820.0;3;-16;358
787;15664.0;13;235;50
788;17189.0;42;253;105
789;17496.0;4;126;358
790;16607.0;109;1784;17
791;13317.0;77;1096;63
792;13890.0;68;1108;0
793;17001.0;105;2500;0
794;15246.0;15;232;237
795;16996.0;26;911;29
796;15482.0;76;3731;15
797;13021.0;78;1549;3
798;16037.0;23;570;269
799;14841.0;83;2101;52
800;16670.0;152;2337;16
801;16985.0;76;3285;16
802;16705.0;161;7972;0
803;16470.0;93;417;51
804;14414.0;63;946;91
805;15563.0;60;715;8
806;12980.0;17;5847;155
807;16746.0;278;4091;4
808;14878.0;78;1075;12
809;16743.0;111;1206;28
810;17146.0;19;312;105
811;12877.0;99;980;3
812;15394.0;43;1096;9
813;14621.0;53;976;0
814;15379.0;117;2040;168
815;14309.0;70;1309;7
816;17288.0;86;842;8
817;14709.0;129;3203;14
818;15157.0;78;1024;3
819;17744.0;82;1275;3
820;16316.0;76;1293;63
821;15620.0;66;989;49
822;15789.0;16;231;357
823;16560.0;36;524;20
824;13534.0;217;3530;1
825;17580.0;33;134;311
826;14777.0;2;-5;3
827;15759.0;2;85;217
828;14373.0;2;35;357
829;18176.0;19;243;353
830;15366.0;28;383;74
831;14735.0;119;3355;3
832;16271.0;83;823;2
833;18223.0;198;4255;1
834;15532.0;166;947;24
835;16816.0;10;149;102
836;16684.0;173;39915;3
837;14334.0;100;1516;16
838;16945.0;157;2693;21
839;14643.0;16;380;169
840;14220.0;16;423;246
841;13874.0;14;486;357
842;18260.0;88;1577;172
843;17848.0;34;489;141
844;17392.0;39;307;306
845;12348.0;19;1001;74
846;14985.0;54;155;197
847;13004.0;252;3452;11
848;14560.0;46;1369;6
849;12931.0;52;15932;21
850;13627.0;49;889;58
851;12551.0;7;116;357
852;12782.0;56;1264;4
853;14769.0;627;6267;2
854;15780.0;16;282;183
855;12417.0;101;1719;2
856;17315.0;293;3535;0
857;16711.0;9;868;2
858;12726.0;72;1507;27
859;15204.0;4;136;356
860;17888.0;50;339;37
861;17007.0;33;484;50
862;15160.0;4;158;356
863;14016.0;97;2652;153
864;13033.0;4;73;356
865;12691.0;18;540;57
866;13869.0;175;1746;122
867;14146.0;150;1470;8
868;12705.0;215;4038;14
869;16885.0;59;276;14
870;17913.0;37;257;58
871;12668.0;102;2116;6
872;14472.0;172;1140;103
873;17358.0;35;213;302
874;16686.0;340;1705;46
875;18245.0;106;1583;6
876;17343.0;8;97;354
877;18256.0;2;-30;354
878;16153.0;46;952;49
879;12377.0;54;1136;314
880;14646.0;1224;161911;1
881;12944.0;18;399;35
882;15312.0;31;548;74
883;14099.0;157;1948;15
884;14113.0;25;1012;3
885;13104.0;12;681;2
886;17204.0;46;1005;168
887;13027.0;17;4224;113
888;17621.0;19;1082;20
889;17090.0;32;1141;3
890;15527.0;91;1516;18
891;18097.0;60;1542;7
892;15460.0;33;131;353
893;15034.0;244;2944;15
894;12423.0;71;1020;0
895;12678.0;96;8556;41
896;15208.0;27;492;0
897;17306.0;41;5197;10
898;14737.0;11;733;3
899;13029.0;6;1183;30
900;16270.0;30;584;352
901;13487.0;16;263;57
902;12515.0;12;302;352
903;17400.0;128;1301;125
904;17593.0;134;2501;3
905;13953.0;5;578;6
906;14533.0;41;1127;24
907;12734.0;3;63;352
908;14944.0;102;3202;29
909;17239.0;9;189;312
910;14532.0;51;709;235
911;12383.0;63;1190;184
912;15562.0;1;134;351
913;13922.0;3;71;351
914;13817.0;15;232;28
915;12585.0;57;1204;233
916;13165.0;30;801;45
917;13304.0;12;176;350
918;13313.0;52;1027;21
919;16875.0;69;1020;63
920;16282.0;4;66;339
921;12957.0;149;2466;3
922;13397.0;20;705;72
923;13680.0;138;1106;0
924;12483.0;46;1137;16
925;15164.0;62;495;68
926;17457.0;12;865;126
927;14732.0;94;1685;7
928;14221.0;119;2106;41
929;14553.0;71;641;18
930;13253.0;22;720;156
931;17389.0;139;20109;2
932;12578.0;69;1411;20
933;15841.0;33;906;63
934;15769.0;100;36836;6
935;13629.0;36;4944;22
936;16600.0;33;414;3
937;16532.0;1;1910;338
938;15266.0;2;54;337
939;14653.0;140;1145;0
940;16771.0;166;1433;32
941;17585.0;141;775;108
942;15046.0;127;3426;8
943;13082.0;43;1245;125
944;15464.0;100;601;337
945;18226.0;154;3230;38
946;18062.0;13;307;172
947;12415.0;470;70238;23
948;17368.0;82;1287;22
949;14618.0;8;279;10
950;14258.0;65;7759;8
951;15719.0;544;3033;32
952;13368.0;17;360;256
953;17634.0;165;1378;35
954;16676.0;56;924;33
955;18283.0;451;1273;3
956;12735.0;28;559;314
957;13764.0;108;762;70
958;13656.0;36;274;164
959;12413.0;30;525;66
960;14312.0;53;1046;46
961;13280.0;52;496;121
962;15845.0;75;1971;17
963;13187.0;20;135;336
964;16567.0;18;419;193
965;14828.0;10;1415;196
966;12530.0;37;866;59
967;16551.0;16;463;95
968;16889.0;77;928;194
969;16473.0;7;124;164
970;13750.0;14;1466;53
971;12501.0;89;1056;314
972;15607.0;5;30;336
973;15139.0;8;122;239
974;12489.0;8;186;335
975;17707.0;2;66;335
976;18198.0;99;2790;3
977;12484.0;185;2127;34
978;18179.0;58;1219;8
979;17284.0;184;1019;59
980;13233.0;22;341;73
981;14889.0;7;89;335
982;12480.0;83;1856;27
983;14672.0;47;564;234
984;13593.0;82;1254;107
985;14867.0;23;479;185
986;13162.0;53;1017;121
987;13183.0;60;2625;7
988;17095.0;47;565;22
989;12939.0;26;6426;63
990;15611.0;22;737;9
991;17114.0;82;500;5
992;15059.0;147;821;40
993;16326.0;228;2155;5
994;17128.0;9;114;334
995;14761.0;9;220;58
996;17555.0;71;320;19
997;12651.0;4;58;334
998;16735.0;85;1551;78
999;16833.0;34;878;0
1000;17800.0;58;654;36
1001;16748.0;39;865;17
1002;14755.0;149;3202;9
1003;16549.0;585;2443;9
1004;13565.0;21;122;18
1005;15799.0;57;450;75
1006;18032.0;4;53;333
1007;13451.0;250;1691;25
1008;14794.0;52;760;2
1009;12539.0;157;1743;21
1010;12500.0;37;1817;22
1011;18171.0;35;736;58
1012;12524.0;92;2920;8
1013;17811.0;528;4571;3
1014;16850.0;15;261;333
1015;14321.0;82;989;10
1016;15326.0;18;195;333
1017;17849.0;14;424;217
1018;13672.0;11;0;300
1019;14229.0;26;1122;51
1020;13107.0;43;1178;43
1021;16497.0;87;1900;49
1022;16303.0;106;3354;25
1023;15281.0;97;1498;58
1024;16112.0;10;92;142
1025;12736.0;3;144;332
1026;13473.0;12;254;60
1027;14320.0;24;195;206
1028;12393.0;32;683;71
1029;17742.0;6;135;112
1030;16351.0;7;134;332
1031;12601.0;21;397;189
1032;13144.0;1;63;332
1033;15346.0;10;142;332
1034;15370.0;53;1534;40
1035;12643.0;16;2512;127
1036;14295.0;7;154;39
1037;16034.0;18;315;195
1038;17365.0;278;3012;12
1039;15189.0;136;8713;0
1040;14669.0;94;703;241
1041;18095.0;13;383;312
1042;15518.0;127;1114;63
1043;15749.0;10;28075;234
1044;14209.0;50;1153;10
1045;15569.0;19;810;103
1046;12728.0;27;529;70
1047;17569.0;20;248;331
1048;13784.0;18;1468;57
1049;12724.0;29;588;4
1050;13862.0;86;1363;17
1051;16791.0;188;1055;28
1052;16235.0;31;569;40
1053;14270.0;19;318;331
1054;12523.0;66;1021;1
1055;16655.0;156;2293;17
1056;16359.0;43;708;6
1057;16554.0;41;277;2
1058;12359.0;153;3345;7
1059;15939.0;48;4452;89
1060;14587.0;214;853;18
1061;14715.0;48;588;24
1062;14185.0;2;177;330
1063;12437.0;116;2720;8
1064;14040.0;140;1907;40
1065;12652.0;36;564;321
1066;14514.0;38;617;60
1067;15171.0;5;805;324
1068;14167.0;25;281;38
1069;17048.0;26;453;114
1070;17364.0;250;2751;0
1071;13284.0;4;62;330
1072;12951.0;37;589;8
1073;15835.0;31;600;43
1074;18190.0;9;156;191
1075;13993.0;78;1910;31
1076;14114.0;9;274;273
1077;15447.0;7;127;330
1078;16315.0;8;136;330
1079;14978.0;125;1095;71
1080;16395.0;127;858;60
1081;13614.0;125;1040;23
1082;13246.0;82;841;17
1083;15687.0;101;1899;8
1084;16493.0;41;888;72
1085;12490.0;148;3224;4
1086;12672.0;5;137;329
1087;13385.0;19;275;329
1088;12474.0;291;4636;16
1089;15626.0;29;399;74
1090;12553.0;110;2197;7
1091;15213.0;13;165;318
1092;14175.0;96;1856;50
1093;18106.0;24;260;329
1094;15033.0;310;1564;4
1095;14329.0;159;2762;8
1096;14156.0;876;72952;9
1097;16401.0;130;2663;0
1098;16206.0;44;435;54
1099;13782.0;74;556;12
1100;12924.0;18;467;87
1101;16593.0;13;182;50
1102;13700.0;121;1368;25
1103;13064.0;38;616;12
1104;13048.0;82;1044;13
1105;13634.0;108;911;32
1106;18069.0;287;1298;25
1107;16843.0;230;6257;42
1108;17064.0;33;455;58
1109;17609.0;151;721;40
1110;15673.0;84;1611;87
1111;12626.0;185;3940;22
1112;14976.0;41;421;56
1113;12388.0;61;1704;15
1114;13527.0;139;1451;33
1115;15696.0;106;1590;32
1116;15316.0;1;165;326
1117;12673.0;24;371;4
1118;15296.0;117;2149;50
1119;17988.0;26;109;11
1120;12820.0;34;537;2
1121;13001.0;192;5267;3
1122;14101.0;18;2494;73
1123;14238.0;5;104;325
1124;17730.0;129;2924;2
1125;14657.0;82;576;17
1126;13859.0;15;132;325
1127;18212.0;21;131;325
1128;14292.0;67;2393;7
1129;13883.0;90;1604;0
1130;17018.0;7;396;40
1131;14242.0;10;175;234
1132;12356.0;39;2127;22
1133;13898.0;6;71;325
1134;16948.0;11;274;138
1135;16997.0;5;234;287
1136;12527.0;13;226;81
1137;15395.0;6;90;325
1138;12510.0;19;462;142
1139;13263.0;994;4382;0
1140;14428.0;85;703;6
1141;12665.0;3;63;324
1142;12451.0;218;5622;10
1143;12422.0;21;474;95
1144;17708.0;23;136;187
1145;14090.0;1;76;324
1146;15606.0;56;1360;56
1147;13310.0;46;667;8
1148;15831.0;40;520;57
1149;14916.0;40;620;70
1150;17602.0;335;2947;1
1151;14572.0;169;1593;2
1152;13502.0;13;219;16
1153;15938.0;11;258;111
1154;12637.0;234;3362;66
1155;17418.0;19;309;41
1156;14779.0;26;277;280
1157;16321.0;10;133;71
1158;15262.0;5;82;323
1159;17862.0;6;239;323
1160;16892.0;60;275;0
1161;12402.0;9;198;322
1162;17771.0;35;158;56
1163;15422.0;4;72;322
1164;14770.0;28;457;231
1165;16912.0;57;1466;28
1166;15174.0;9;104;322
1167;14895.0;311;6877;7
1168;12594.0;81;2177;46
1169;17504.0;85;1778;205
1170;16387.0;2;38;322
1171;12664.0;25;2976;7
1172;16618.0;57;1642;30
1173;17277.0;43;679;227
1174;14088.0;381;33086;9
1175;17094.0;10;164;317
1176;14692.0;41;350;136
1177;12970.0;89;311;6
1178;13929.0;6;247;168
1179;17889.0;13;108;211
1180;17714.0;5;75;320
1181;12916.0;68;1761;138
1182;17769.0;179;2296;12
1183;14450.0;21;233;180
1184;16085.0;102;567;22
1185;13659.0;58;896;196
1186;15167.0;29;128;320
1187;15443.0;239;1955;1
1188;14224.0;70;588;109
1189;13742.0;210;2130;16
1190;17673.0;146;1076;0
1191;12727.0;90;2441;10
1192;14068.0;13;182;319
1193;13068.0;2;344;9
1194;14368.0;5;95;319
1195;15497.0;12;868;17
1196;12559.0;15;336;310
1197;13819.0;25;721;301
1198;14501.0;8;121;63
1199;14782.0;5;183;319
1200;17861.0;144;1315;2
1201;14439.0;18;1480;319
1202;18161.0;47;951;9
1203;15820.0;10;163;319
1204;18136.0;27;506;62
1205;16660.0;8;368;15
1206;12693.0;29;686;126
1207;12625.0;57;1827;211
1208;13396.0;29;808;21
1209;12935.0;76;1289;1
1210;16730.0;54;400;51
1211;14541.0;72;1054;58
1212;13551.0;3;73;318
1213;12421.0;28;464;15
1214;15797.0;5;1201;112
1215;15052.0;17;149;318
1216;14130.0;45;294;318
1217;15222.0;3;368;318
1218;13615.0;16;258;312
1219;13901.0;91;1842;71
1220;13158.0;43;589;94
1221;14257.0;64;1897;50
1222;15218.0;96;3243;10
1223;15110.0;23;497;23
1224;14534.0;341;2712;2
1225;15967.0;55;274;22
1226;16757.0;5;93;318
1227;13815.0;122;2747;21
1228;18008.0;18;1357;69
1229;18277.0;5;49;57
1230;14389.0;47;676;8
1231;15339.0;49;292;65
1232;12744.0;142;4932;51
1233;12854.0;71;917;78
1234;16222.0;90;576;317
1235;14341.0;75;1287;44
1236;13168.0;87;867;35
1237;16943.0;24;621;211
1238;17515.0;52;362;30
1239;17082.0;49;1258;32
1240;14248.0;5;259;317
1241;12609.0;35;628;77
1242;13002.0;7;120;317
1243;16133.0;216;8535;3
1244;13049.0;11;392;63
1245;14548.0;2;326;150
1246;13405.0;19;393;73
1247;14049.0;294;3332;16
1248;16043.0;24;514;37
1249;13837.0;11;169;211
1250;17118.0;6;77;317
1251;14233.0;19;1019;43
1252;17075.0;50;521;17
1253;16714.0;63;573;218
1254;13098.0;351;16981;0
1255;15661.0;1;6;316
1256;17027.0;93;509;78
1257;12591.0;16;238;316
1258;17786.0;48;208;84
1259;16124.0;6;63;315
1260;16409.0;143;1249;35
1261;13754.0;5;125;151
1262;15227.0;39;853;36
1263;12997.0;42;816;21
1264;15215.0;24;308;44
1265;16918.0;84;699;49
1266;14442.0;36;873;204
1267;16496.0;53;867;8
1268;12764.0;27;1120;316
1269;17311.0;32;681;77
1270;15910.0;156;695;0
1271;16949.0;37;353;3
1272;14970.0;22;1026;67
1273;14701.0;204;1570;10
1274;12645.0;40;942;33
1275;12468.0;24;394;142
1276;16767.0;142;3452;30
1277;14738.0;32;846;42
1278;17540.0;19;414;8
1279;14239.0;72;1493;42
1280;18125.0;114;680;29
1281;13328.0;11;1000;315
1282;15549.0;63;1036;76
1283;15864.0;14;1272;26
1284;14662.0;109;463;28
1285;17180.0;78;464;55
1286;15057.0;14;1002;274
1287;12574.0;7;142;315
1288;13330.0;33;669;92
1289;13552.0;72;2189;65
1290;12853.0;49;1070;134
1291;13538.0;17;879;42
1292;16755.0;104;906;113
1293;14133.0;18;390;129
1294;16523.0;170;5292;1
1295;14659.0;130;1288;8
1296;13141.0;86;1548;84
1297;15365.0;92;935;25
1298;13707.0;37;616;266
1299;13709.0;210;3770;3
1300;17329.0;19;300;13
1301;14805.0;25;295;14
1302;16897.0;27;139;298
1303;15579.0;27;160;68
1304;14595.0;52;946;19
1305;13161.0;6;88;312
1306;15415.0;25;297;312
1307;17431.0;25;255;312
1308;17463.0;138;1109;15
1309;14502.0;392;1556;19
1310;12528.0;48;966;8
1311;15448.0;15;286;312
1312;17314.0;88;1574;27
1313;17373.0;38;452;39
1314;18145.0;144;1856;12
1315;14467.0;61;420;17
1316;12908.0;3;360;175
1317;15144.0;137;4318;7
1318;14776.0;82;1396;50
1319;16403.0;5;42;301
1320;16407.0;114;1393;12
1321;17619.0;53;148;311
1322;12778.0;32;471;19
1323;17256.0;7;42;311
1324;17604.0;33;162;216
1325;14006.0;20;654;115
1326;13600.0;6;44;311
1327;15058.0;169;1121;24
1328;17147.0;50;1070;22
1329;13881.0;112;10156;3
1330;16612.0;38;666;32
1331;14627.0;4;-15;311
1332;17356.0;7;60;311
1333;12836.0;91;1430;58
1334;13939.0;34;424;22
1335;16745.0;221;4594;86
1336;13606.0;25;166;28
1337;13494.0;6;126;311
1338;12929.0;4;27;121
1339;16419.0;30;427;112
1340;17035.0;19;232;245
1341;15203.0;91;1137;25
1342;16515.0;83;1240;51
1343;12373.0;5;127;310
1344;18202.0;39;800;199
1345;12775.0;41;862;16
1346;14549.0;35;203;310
1347;16110.0;208;791;44
1348;17376.0;18;156;70
1349;13110.0;83;844;30
1350;16716.0;2;901;266
1351;12676.0;25;668;24
1352;15971.0;20;2496;17
1353;14665.0;68;1005;60
1354;14457.0;1;33;310
1355;15589.0;19;318;255
1356;14411.0;7;570;310
1357;17560.0;15;537;94
1358;15226.0;7;123;310
1359;14460.0;13;279;109
1360;16156.0;85;1729;8
1361;13728.0;44;706;36
1362;14127.0;25;419;122
1363;16378.0;15;234;246
1364;13894.0;15;178;21
1365;13824.0;19;463;32
1366;18250.0;13;197;300
1367;15270.0;36;1435;15
1368;14188.0;38;1124;8
1369;15421.0;32;597;58
1370;17446.0;5;66;176
1371;12414.0;11;321;216
1372;14798.0;8;102;52
1373;12990.0;8;205;30
1374;12350.0;9;185;309
1375;17337.0;358;1257;150
1376;16405.0;2;5;309
1377;17071.0;92;1403;8
1378;13873.0;17;273;119
1379;17362.0;26;215;238
1380;13394.0;85;1386;1
1381;12502.0;85;2142;95
1382;16030.0;18;185;309
1383;14044.0;128;353;26
1384;13800.0;21;349;309
1385;17672.0;66;2124;43
1386;12464.0;19;773;9
1387;13581.0;6;81;308
1388;14540.0;44;558;9
1389;13539.0;25;396;85
1390;14497.0;18;243;300
1391;17507.0;55;357;261
1392;13208.0;91;699;58
1393;17334.0;6;186;308
1394;13871.0;206;3943;22
1395;16938.0;158;1244;8
1396;12754.0;39;1827;235
1397;12410.0;15;446;300
1398;17929.0;4;600;77
1399;14778.0;20;388;126
1400;17517.0;6;69;308
1401;17226.0;13;220;308
1402;13137.0;428;2223;10
1403;13725.0;67;938;49
1404;13309.0;64;845;6
1405;12842.0;25;954;69
1406;16109.0;10;309;218
1407;14462.0;143;1097;63
1408;15090.0;11;198;307
1409;15199.0;6;676;58
1410;13911.0;102;1757;56
1411;14194.0;369;6938;4
1412;14842.0;105;1618;34
1413;13584.0;17;100;306
1414;17105.0;54;387;158
1415;14438.0;7;114;305
1416;12956.0;10;46;305
1417;15781.0;12;190;24
1418;14410.0;180;436;15
1419;14600.0;17;273;305
1420;17302.0;47;609;14
1421;17613.0;193;2955;22
1422;13334.0;160;2084;81
1423;13955.0;22;202;153
1424;17162.0;64;1025;28
1425;17774.0;90;692;96
1426;13809.0;3;27;304
1427;15407.0;95;622;33
1428;15577.0;26;187;150
1429;16332.0;89;845;27
1430;18225.0;162;3221;2
1431;14048.0;46;189;276
1432;14475.0;34;609;71
1433;17859.0;14;109;304
1434;12576.0;45;605;35
1435;15753.0;1;79;304
1436;12599.0;37;608;28
1437;14562.0;276;2851;3
1438;16951.0;52;805;134
1439;16998.0;4;287;149
1440;13133.0;3;52;273
1441;17881.0;3;28;303
1442;15843.0;5;73;303
1443;17083.0;32;800;108
1444;15970.0;6;165;303
1445;13590.0;51;1095;10
1446;17537.0;38;541;29
1447;12401.0;3;55;302
1448;12462.0;36;574;1
1449;17843.0;21;124;302
1450;13706.0;13;218;302
1451;17940.0;13;1487;48
1452;17686.0;177;3522;6
1453;14431.0;14;304;298
1454;15809.0;27;270;35
1455;12561.0;11;171;302
1456;14465.0;82;820;246
1457;18093.0;22;1435;92
1458;16027.0;12;744;91
1459;12857.0;17;449;210
1460;16425.0;15;219;301
1461;16842.0;45;897;63
1462;15796.0;80;1695;0
1463;14555.0;5;119;56
1464;15114.0;117;1651;29
1465;15133.0;23;854;127
1466;17705.0;60;1039;2
1467;18087.0;5;3882;97
1468;12897.0;3;158;204
1469;17512.0;70;1904;28
1470;12477.0;177;7021;22
1471;15550.0;34;357;3
1472;12505.0;1;-4;300
1473;18159.0;11;180;300
1474;14304.0;20;156;222
1475;15638.0;1;-34;300
1476;12943.0;1;-3;300
1477;13875.0;57;1046;53
1478;15406.0;33;216;17
1479;18084.0;1;-2;300
1480;17282.0;64;1370;129
1481;16434.0;68;973;28
1482;17050.0;183;1835;95
1483;13171.0;29;372;21
1484;17472.0;109;449;190
1485;17255.0;46;177;40
1486;16084.0;28;334;298
1487;17667.0;61;1031;65
1488;12507.0;12;756;133
1489;14631.0;21;570;50
1490;13381.0;104;2255;31
1491;15236.0;11;187;298
1492;16333.0;25;17222;7
1493;13475.0;46;776;190
1494;17829.0;17;472;298
1495;13717.0;70;954;31
1496;13157.0;56;1033;48
1497;14644.0;13;257;59
1498;12993.0;17;251;22
1499;17571.0;165;783;49
1500;16979.0;60;1284;3
1501;15122.0;56;1011;84
1502;17612.0;81;1137;52
1503;17348.0;132;718;14
1504;13893.0;17;727;297
1505;14035.0;39;759;28
1506;13623.0;48;438;30
1507;14346.0;40;723;120
1508;16431.0;41;302;212
1509;12616.0;22;361;94
1510;16317.0;40;829;119
1511;14935.0;6;786;296
1512;16073.0;2;94;291
1513;14477.0;7;729;19
1514;14760.0;4;6;293
1515;14897.0;29;737;7
1516;15810.0;75;725;78
1517;16509.0;10;299;296
1518;14386.0;5;94;296
1519;12455.0;59;1561;72
1520;14530.0;137;1768;25
1521;15670.0;7;88;296
1522;12653.0;23;986;148
1523;16126.0;76;4240;28
1524;13414.0;17;749;133
1525;12823.0;3;1071;74
1526;12352.0;62;1170;35
1527;12372.0;26;623;71
1528;16494.0;30;483;296
1529;14959.0;40;470;58
1530;17422.0;85;1101;15
1531;17175.0;29;675;43
1532;18257.0;75;1408;38
1533;12362.0;159;2864;2
1534;13018.0;265;4258;15
1535;13718.0;6;93;245
1536;15382.0;168;3487;14
1537;14754.0;27;403;44
1538;13151.0;48;801;202
1539;12654.0;23;358;10
1540;13085.0;19;196;157
1541;15903.0;45;2998;9
1542;15785.0;54;1474;32
1543;18138.0;4;46;294
1544;14379.0;28;198;43
1545;14211.0;72;1426;52
1546;14371.0;1;39;294
1547;13425.0;51;1105;107
1548;12852.0;10;139;289
1549;15228.0;78;2127;65
1550;13012.0;76;1075;8
1551;16182.0;19;4678;71
1552;13489.0;9;376;104
1553;12714.0;161;2743;8
1554;13904.0;16;204;36
1555;15755.0;83;1225;0
1556;13932.0;12;224;294
1557;13799.0;24;420;116
1558;13951.0;20;368;175
1559;18172.0;135;5573;14
1560;16566.0;14;457;14
1561;16466.0;80;862;33
1562;16115.0;191;1087;9
1563;14162.0;8;84;173
1564;13301.0;44;303;103
1565;14803.0;24;471;161
1566;13744.0;42;646;94
1567;12988.0;53;278;291
1568;17323.0;108;518;14
1569;12707.0;21;348;291
1570;18094.0;36;1824;81
1571;15129.0;49;1875;49
1572;18155.0;18;229;74
1573;15321.0;66;1548;48
1574;13477.0;52;921;37
1575;15065.0;107;2093;37
1576;16980.0;52;761;254
1577;15146.0;57;761;164
1578;12365.0;18;-65;290
1579;13410.0;14;500;8
1580;13044.0;18;297;290
1581;16441.0;15;246;66
1582;16014.0;88;400;35
1583;14520.0;4;270;1
1584;17994.0;42;350;121
1585;13038.0;15;520;79
1586;17002.0;27;749;72
1587;15722.0;43;1367;35
1588;16349.0;6;46;290
1589;16913.0;6;110;289
1590;18114.0;17;145;289
1591;15303.0;18;379;289
1592;12845.0;17;107;266
1593;18188.0;49;1434;14
1594;16045.0;51;884;119
1595;16573.0;31;469;84
1596;13421.0;61;1153;39
1597;18196.0;78;376;94
1598;13285.0;119;1743;22
1599;13184.0;110;1047;14
1600;18151.0;29;488;134
1601;13804.0;89;1661;30
1602;17499.0;21;304;289
1603;15397.0;3;47;289
1604;14276.0;51;670;87
1605;13453.0;13;277;165
1606;17949.0;40;26305;7
1607;16394.0;56;807;49
1608;17711.0;7;103;10
1609;13865.0;22;344;57
1610;16940.0;191;2021;51
1611;14289.0;28;592;8
1612;16208.0;34;311;44
1613;17063.0;54;934;8
1614;13149.0;44;873;13
1615;18068.0;1;101;288
1616;15932.0;69;1441;3
1617;16692.0;3;1276;255
1618;17171.0;10;126;288
1619;18231.0;78;1284;191
1620;14004.0;104;2720;42
1621;17139.0;271;6132;15
1622;14513.0;13;344;100
1623;15974.0;101;1841;38
1624;17830.0;11;200;1
1625;12565.0;6;90;288
1626;12582.0;14;260;238
1627;14231.0;30;483;183
1628;17867.0;52;957;29
1629;14880.0;22;305;76
1630;13118.0;47;736;19
1631;15121.0;14;218;49
1632;17117.0;4;48;287
1633;12945.0;12;248;287
1634;18056.0;13;251;287
1635;16072.0;17;495;287
1636;16838.0;14;364;196
1637;15543.0;12;55;287
1638;13751.0;5;93;287
1639;15847.0;11;227;37
1640;13851.0;51;1984;95
1641;13501.0;30;897;287
1642;12633.0;58;1121;58
1643;13345.0;16;274;276
1644;13870.0;64;1808;1
1645;17034.0;22;583;15
1646;16592.0;138;2484;3
1647;15712.0;32;728;8
1648;13362.0;98;1805;2
1649;14470.0;26;233;11
1650;17388.0;6;716;77
1651;16841.0;69;1113;36
1652;13753.0;22;422;287
1653;13666.0;8;61;59
1654;12361.0;8;158;286
1655;14481.0;23;499;164
1656;13792.0;6;95;65
1657;17663.0;48;1087;25
1658;13973.0;6;114;286
1659;15990.0;28;399;43
1660;13493.0;4;316;274
1661;13684.0;18;32;285
1662;13261.0;4;374;285
1663;16598.0;4;30;276
1664;14147.0;2;128;77
1665;15951.0;32;497;0
1666;13971.0;105;1860;18
1667;17516.0;88;458;14
1668;13630.0;40;949;4
1669;14157.0;30;203;19
1670;13636.0;33;456;36
1671;13610.0;137;723;11
1672;14745.0;44;745;112
1673;12781.0;18;441;20
1674;14036.0;20;331;284
1675;14616.0;2;168;242
1676;16057.0;78;1316;3
1677;16992.0;60;1053;10
1678;15724.0;8;113;200
1679;12458.0;26;658;70
1680;12598.0;85;1939;9
1681;13675.0;16;346;150
1682;14227.0;103;1851;25
1683;16668.0;14;197;14
1684;16667.0;26;298;67
1685;13509.0;27;720;8
1686;15874.0;88;2888;62
1687;16187.0;168;3796;31
1688;16339.0;11;46;283
1689;14046.0;9;82;283
1690;13292.0;18;342;38
1691;16427.0;4;110;262
1692;14056.0;672;4925;0
1693;15656.0;23;367;44
1694;12811.0;18;289;261
1695;16518.0;23;274;60
1696;17165.0;5;81;283
1697;17462.0;18;450;59
1698;14620.0;24;348;203
1699;14740.0;61;926;190
1700;12428.0;167;4018;25
1701;16078.0;1;79;283
1702;16915.0;35;403;8
1703;15676.0;123;2033;8
1704;15709.0;6;133;283
1705;15241.0;63;1049;66
1706;12933.0;63;330;23
1707;15092.0;14;251;214
1708;12679.0;38;827;51
1709;15319.0;12;136;283
1710;16212.0;20;289;18
1711;15257.0;4;7;280
1712;14656.0;43;158;168
1713;13884.0;31;421;6
1714;12866.0;16;311;282
1715;14676.0;27;1777;30
1716;13166.0;24;242;282
1717;16389.0;20;697;52
1718;15416.0;108;2286;64
1719;15733.0;5;76;282
1720;16678.0;97;1725;2
1721;12834.0;7;133;282
1722;13722.0;50;1337;119
1723;14934.0;60;1271;72
1724;15067.0;48;974;77
1725;16128.0;53;1161;17
1726;17770.0;19;668;198
1727;15622.0;127;1998;2
1728;14473.0;4;158;73
1729;15104.0;40;566;166
1730;15643.0;21;379;178
1731;16792.0;6;46;281
1732;15031.0;60;341;3
1733;15636.0;18;535;89
1734;12873.0;2;204;281
1735;17923.0;1;207;281
1736;16217.0;14;133;234
1737;17738.0;60;1233;18
1738;17426.0;174;2866;3
1739;16957.0;8;213;238
1740;16571.0;58;631;2
1741;14483.0;8;88;149
1742;15087.0;8;133;281
1743;16709.0;47;1580;84
1744;17856.0;12;1002;1
1745;15053.0;42;414;4
1746;18218.0;15;356;205
1747;16159.0;9;250;281
1748;17995.0;1;23;281
1749;17374.0;16;285;218
1750;17789.0;9;139;280
1751;17416.0;154;4005;29
1752;17652.0;164;2931;24
1753;13476.0;36;603;178
1754;12817.0;1;39;280
1755;15393.0;8;154;15
1756;13014.0;80;2234;2
1757;17508.0;12;204;280
1758;13931.0;32;737;85
1759;12541.0;31;556;29
1760;13382.0;8;122;280
1761;15220.0;79;1147;51
1762;14570.0;20;164;280
1763;14447.0;36;567;18
1764;13557.0;20;333;27
1765;16449.0;26;414;190
1766;12547.0;4;111;280
1767;17325.0;4;65;279
1768;14995.0;36;145;38
1769;16414.0;5;96;21
1770;15681.0;43;653;17
1771;14670.0;83;231;279
1772;15675.0;13;206;80
1773;12584.0;75;976;3
1774;17535.0;6;75;279
1775;14903.0;209;1476;20
1776;14499.0;112;472;25
1777;18211.0;23;362;25
1778;14504.0;58;359;46
1779;15572.0;127;1533;4
1780;17107.0;252;6156;32
1781;14247.0;13;81;277
1782;15554.0;8;125;277
1783;14915.0;10;207;85
1784;16136.0;25;493;59
1785;18280.0;4;76;277
1786;12614.0;13;205;277
1787;13344.0;74;1510;67
1788;16621.0;17;460;51
1789;16225.0;82;742;44
1790;14214.0;43;589;30
1791;14012.0;6;185;277
1792;16356.0;19;116;197
1793;17654.0;10;39;276
1794;15026.0;37;247;79
1795;16517.0;11;100;276
1796;14817.0;34;582;199
1797;17092.0;80;1077;49
1798;16242.0;178;2183;7
1799;15869.0;8;86;276
1800;17817.0;20;312;3
1801;15234.0;8;110;276
1802;15764.0;103;1933;80
1803;15806.0;16;350;45
1804;15819.0;73;1118;48
1805;14586.0;16;63;226
1806;15944.0;4;289;276
1807;13340.0;67;4626;44
1808;16917.0;7;253;276
1809;14407.0;41;1050;106
1810;13908.0;77;1483;79
1811;12758.0;58;1585;116
1812;13975.0;194;1399;30
1813;14730.0;288;1114;0
1814;12623.0;12;196;275
1815;14367.0;333;5334;7
1816;13373.0;96;2031;60
1817;16712.0;263;1991;17
1818;17639.0;5;66;275
1819;16426.0;232;1165;1
1820;16495.0;54;391;2
1821;14336.0;52;891;16
1822;14507.0;48;710;23
1823;12759.0;54;904;51
1824;17049.0;201;3607;2
1825;15206.0;8;359;9
1826;14013.0;20;311;109
1827;14645.0;25;500;156
1828;15071.0;15;592;93
1829;14112.0;113;1883;22
1830;13026.0;27;618;0
1831;12881.0;5;86;275
1832;17864.0;63;373;12
1833;14936.0;214;4943;8
1834;17138.0;13;217;275
1835;16572.0;39;668;126
1836;14165.0;14;78;275
1837;15367.0;55;1081;56
1838;14291.0;151;2453;1
1839;15632.0;102;1920;15
1840;14297.0;36;659;17
1841;13899.0;10;208;15
1842;16471.0;7;119;274
1843;18183.0;32;444;217
1844;14603.0;1;509;274
1845;18173.0;18;1319;86
1846;14854.0;87;1821;77
1847;16625.0;14;210;274
1848;14064.0;48;1088;28
1849;15308.0;14;219;270
1850;18086.0;2;39;273
1851;14350.0;16;220;270
1852;14930.0;80;1462;108
1853;16080.0;6;76;81
1854;14727.0;5;80;273
1855;16778.0;10;157;73
1856;14077.0;27;334;40
1857;16808.0;17;195;98
1858;16475.0;14;247;143
1859;13265.0;42;732;52
1860;12520.0;92;1728;78
1861;15049.0;1;1;273
1862;18149.0;11;418;50
1863;13654.0;96;1579;42
1864;16652.0;79;3903;53
1865;16766.0;25;885;272
1866;16801.0;79;661;162
1867;17164.0;96;1679;32
1868;13226.0;12;76;272
1869;13043.0;8;147;253
1870;14352.0;32;760;156
1871;17351.0;15;245;35
1872;16768.0;40;298;47
1873;16693.0;41;347;68
1874;13956.0;86;517;4
1875;13708.0;26;178;270
1876;15918.0;21;157;190
1877;15671.0;46;1437;18
1878;14962.0;4;116;270
1879;16807.0;42;725;142
1880;15125.0;74;5835;24
1881;16871.0;96;2000;21
1882;12901.0;72;8766;9
1883;13452.0;1;295;270
1884;15493.0;160;1052;32
1885;16005.0;127;355;11
1886;15388.0;5;70;269
1887;16804.0;39;333;22
1888;13499.0;27;662;17
1889;15047.0;15;232;269
1890;14193.0;29;567;67
1891;17542.0;14;114;269
1892;15181.0;10;376;65
1893;17080.0;5;154;21
1894;16392.0;26;117;269
1895;15106.0;53;742;17
1896;16214.0;27;663;170
1897;13716.0;10;82;268
1898;15150.0;202;3094;16
1899;16061.0;1;-29;268
1900;14226.0;47;1398;28
1901;13121.0;35;136;268
1902;16297.0;15;214;212
1903;12994.0;45;571;3
1904;16152.0;14;941;268
1905;14636.0;16;323;35
1906;16040.0;42;873;64
1907;15793.0;8;616;14
1908;13358.0;16;257;268
1909;12849.0;33;625;30
1910;15182.0;20;435;153
1911;13299.0;1;29;267
1912;16383.0;66;376;74
1913;15381.0;3;107;267
1914;12597.0;118;2001;18
1915;15030.0;2;200;71
1916;12435.0;24;5194;79
1917;12955.0;100;2365;0
1918;18189.0;41;667;77
1919;13946.0;8;358;201
1920;17716.0;148;3165;22
1921;13185.0;1;71;267
1922;14840.0;3;45;267
1923;13216.0;3;172;267
1924;13650.0;62;1166;16
1925;13533.0;43;149;182
1926;13268.0;259;1800;17
1927;15433.0;37;300;78
1928;12937.0;67;845;14
1929;17603.0;10;-925;49
1930;16216.0;24;630;266
1931;16377.0;3;106;266
1932;16976.0;2;251;266
1933;12514.0;30;606;266
1934;18210.0;93;1822;1
1935;13631.0;8;2007;142
1936;14422.0;138;2544;0
1937;15648.0;12;232;203
1938;17725.0;133;2153;15
1939;15861.0;310;1483;11
1940;13072.0;1;29;266
1941;15695.0;12;229;266
1942;14110.0;91;3122;36
1943;14059.0;5;120;266
1944;16672.0;70;4676;1
1945;16511.0;108;598;21
1946;16256.0;11;490;257
1947;13591.0;33;653;64
1948;14066.0;3;71;266
1949;15483.0;49;151;160
1950;16626.0;104;2329;0
1951;15019.0;44;166;266
1952;18270.0;7;73;37
1953;14315.0;63;1472;20
1954;17921.0;79;443;63
1955;14041.0;12;88;265
1956;17060.0;4;216;265
1957;16023.0;55;427;45
1958;17133.0;20;3638;15
1959;12878.0;30;561;235
1960;14155.0;2;35;265
1961;17043.0;56;884;31
1962;13046.0;23;437;30
1963;14633.0;10;167;265
1964;12948.0;70;1184;15
1965;15703.0;2;50;264
1966;14071.0;198;798;3
1967;17134.0;11;184;106
1968;17795.0;32;237;179
1969;12902.0;7;89;264
1970;16444.0;54;439;45
1971;14232.0;75;1255;31
1972;14693.0;5;35;264
1973;12407.0;46;1023;49
1974;16728.0;147;530;45
1975;16096.0;8;241;263
1976;13985.0;213;4243;3
1977;13592.0;12;169;35
1978;15140.0;51;1426;51
1979;12843.0;64;933;159
1980;14408.0;66;1640;10
1981;15408.0;22;141;263
1982;15445.0;3;75;263
1983;15452.0;37;361;29
1984;14223.0;40;619;91
1985;16619.0;12;132;253
1986;14762.0;11;181;263
1987;13934.0;17;468;263
1988;15669.0;20;450;39
1989;16384.0;21;364;89
1990;18224.0;5;75;263
1991;14245.0;78;1183;175
1992;17678.0;9;165;263
1993;15855.0;44;379;136
1994;16036.0;24;350;86
1995;17763.0;1;15;262
1996;13262.0;5;114;262
1997;17152.0;9;932;194
1998;14632.0;4;54;262
1999;13900.0;27;395;182
2000;14875.0;33;889;8
2001;15132.0;33;650;17
2002;17272.0;67;1177;41
2003;16135.0;12;204;262
2004;12831.0;7;183;261
2005;15437.0;29;132;261
2006;16809.0;99;562;22
2007;14711.0;232;1897;9
2008;14377.0;7;523;190
2009;16374.0;67;269;65
2010;13196.0;62;1037;10
2011;15457.0;26;108;261
2012;12613.0;91;1836;30
2013;16721.0;25;168;261
2014;12399.0;39;782;118
2015;17733.0;22;398;38
2016;17102.0;1;25;261
2017;15410.0;73;2048;83
2018;13239.0;12;181;261
2019;15449.0;35;564;25
2020;14870.0;10;277;261
2021;13821.0;31;185;144
2022;17096.0;25;455;8
2023;12604.0;9;159;78
2024;12818.0;9;1302;177
2025;18191.0;4;111;261
2026;14461.0;103;1268;147
2027;13132.0;3;77;261
2028;16859.0;41;277;105
2029;15245.0;62;1796;133
2030;17411.0;27;494;11
2031;17486.0;10;160;260
2032;16308.0;4;2560;37
2033;12564.0;15;299;260
2034;13249.0;12;648;91
2035;15644.0;144;450;165
2036;14075.0;31;753;4
2037;17250.0;38;288;3
2038;17966.0;38;644;37
2039;14129.0;34;717;1
2040;15651.0;21;361;36
2041;13035.0;15;484;57
2042;17644.0;93;1421;0
2043;13341.0;29;534;260
2044;13512.0;9;140;260
2045;16620.0;6;103;3
2046;17698.0;6;120;260
2047;14267.0;38;679;150
2048;13736.0;106;428;4
2049;16022.0;43;320;259
2050;14235.0;55;1958;74
2051;16769.0;22;178;259
2052;17754.0;56;1209;0
2053;12408.0;68;1565;32
2054;16063.0;17;234;259
2055;15178.0;1;19;259
2056;14348.0;12;316;259
2057;15815.0;33;1372;63
2058;13695.0;57;1625;30
2059;17979.0;90;438;35
2060;13139.0;109;3096;15
2061;12545.0;29;556;74
2062;14758.0;47;1010;144
2063;14536.0;7;47;259
2064;13662.0;39;535;85
2065;13743.0;32;1038;2
2066;18078.0;19;255;216
2067;16780.0;43;299;99
2068;15045.0;8;415;151
2069;17625.0;189;1160;17
2070;13357.0;54;362;256
2071;16777.0;27;116;79
2072;14476.0;14;156;256
2073;16245.0;52;715;23
2074;12669.0;62;2032;150
2075;12792.0;16;272;256
2076;17765.0;36;233;158
2077;15083.0;3;62;256
2078;18010.0;9;66;256
2079;15249.0;216;4017;31
2080;13760.0;33;175;53
2081;15624.0;24;404;116
2082;17749.0;21;389;177
2083;15068.0;62;323;45
2084;14538.0;13;245;64
2085;14851.0;17;313;22
2086;14021.0;12;404;154
2087;13037.0;33;642;137
2088;18177.0;47;849;30
2089;14128.0;24;328;60
2090;17874.0;33;482;184
2091;17719.0;157;2975;37
2092;17931.0;37;265;133
2093;13803.0;11;167;254
2094;17398.0;24;428;114
2095;15906.0;86;959;19
2096;16253.0;70;2058;66
2097;13439.0;33;163;254
2098;12888.0;4;247;213
2099;13588.0;101;1367;15
2100;12456.0;66;1469;43
2101;15521.0;123;1480;35
2102;13720.0;33;646;116
2103;15674.0;77;1393;72
2104;17594.0;26;499;84
2105;17775.0;2;36;254
2106;13988.0;135;2279;19
2107;16657.0;130;509;9
2108;15424.0;9;187;253
2109;13316.0;50;3685;36
2110;16788.0;83;324;122
2111;16584.0;16;564;79
2112;15364.0;18;691;95
2113;18108.0;8;78;248
2114;14272.0;19;241;73
2115;15812.0;25;969;106
2116;15980.0;23;1288;88
2117;15981.0;60;2135;24
2118;15832.0;34;530;253
2119;16092.0;31;488;114
2120;15528.0;15;112;253
2121;16398.0;59;1089;144
2122;17088.0;62;1108;27
2123;17438.0;11;197;246
2124;13060.0;10;182;253
2125;14790.0;33;543;16
2126;14890.0;6;105;253
2127;16386.0;53;179;28
2128;14818.0;26;288;73
2129;13571.0;206;1271;12
2130;12909.0;51;1246;39
2131;12619.0;58;1587;15
2132;16698.0;4;1794;226
2133;16681.0;31;1076;77
2134;13573.0;16;174;49
2135;14957.0;9;36;252
2136;13918.0;19;965;49
2137;17212.0;2;121;252
2138;17781.0;8;92;158
2139;14886.0;12;260;252
2140;13626.0;14;186;252
2141;16609.0;170;3207;14
2142;16180.0;109;6774;99
2143;13462.0;5;61;182
2144;18263.0;31;578;25
2145;15197.0;18;269;8
2146;16960.0;56;293;38
2147;13841.0;1;85;252
2148;17701.0;14;238;252
2149;12949.0;140;2606;30
2150;14852.0;89;1851;57
2151;12569.0;114;2404;1
2152;13169.0;8;330;63
2153;16162.0;1;11;251
2154;15691.0;2;136;251
2155;14195.0;1;100;251
2156;13781.0;10;88;250
2157;17758.0;247;2152;18
2158;14023.0;21;390;6
2159;17669.0;44;2550;42
2160;16142.0;26;381;249
2161;17648.0;55;1087;60
2162;13059.0;4;131;249
2163;16224.0;61;824;56
2164;15223.0;21;469;225
2165;17886.0;73;472;31
2166;13294.0;30;467;189
2167;15289.0;40;716;28
2168;18185.0;10;174;248
2169;17956.0;1;12;248
2170;15756.0;120;330;60
2171;14747.0;13;200;247
2172;14719.0;133;867;1
2173;13015.0;111;1944;52
2174;16586.0;4;183;248
2175;16105.0;7;173;248
2176;14546.0;256;1484;3
2177;15442.0;1;297;248
2178;16906.0;54;402;81
2179;14535.0;191;1716;58
2180;16170.0;71;1064;50
2181;15244.0;23;404;64
2182;16696.0;5;261;202
2183;15145.0;40;749;3
2184;17492.0;7;168;247
2185;13525.0;5;396;14
2186;17409.0;8;451;184
2187;17783.0;37;147;71
2188;13863.0;9;109;244
2189;13515.0;33;505;72
2190;15917.0;11;112;247
2191;17045.0;15;282;112
2192;17440.0;6;59;147
2193;17140.0;14;160;246
2194;15201.0;57;670;78
2195;14964.0;9;190;246
2196;16031.0;58;328;91
2197;14403.0;11;702;140
2198;17042.0;55;504;2
2199;13771.0;78;1711;63
2200;17906.0;8;39;246
2201;18272.0;113;2106;2
2202;13731.0;25;398;218
2203;13748.0;14;320;95
2204;12580.0;17;295;246
2205;14912.0;20;590;16
2206;15530.0;59;878;21
2207;13950.0;21;376;10
2208;13752.0;51;791;123
2209;13892.0;15;469;26
2210;14446.0;192;708;0
2211;16209.0;31;1972;88
2212;15754.0;16;260;50
2213;13712.0;4;78;246
2214;15800.0;61;343;106
2215;16469.0;113;413;23
2216;13005.0;24;398;173
2217;14981.0;4;55;245
2218;17928.0;12;151;44
2219;16261.0;82;497;16
2220;17883.0;87;381;2
2221;14619.0;16;311;245
2222;13995.0;45;734;14
2223;16643.0;9;155;245
2224;14246.0;47;919;110
2225;18040.0;9;149;18
2226;16837.0;100;1906;30
2227;15119.0;9;194;245
2228;16325.0;13;383;43
2229;14924.0;6;250;245
2230;15109.0;23;346;240
2231;16623.0;3;91;245
2232;12999.0;15;168;204
2233;12717.0;34;511;150
2234;13962.0;8;121;21
2235;18036.0;54;213;31
2236;14958.0;25;299;146
2237;13562.0;47;965;81
2238;15775.0;5;77;244
2239;17054.0;57;902;27
2240;17268.0;5;625;107
2241;13548.0;67;288;95
2242;13508.0;7;71;243
2243;12447.0;14;226;242
2244;13570.0;15;167;242
2245;13232.0;129;872;12
2246;18129.0;10;82;242
2247;13632.0;98;1464;24
2248;15665.0;72;1385;167
2249;17550.0;26;104;196
2250;15655.0;24;346;232
2251;14286.0;180;2794;23
2252;16188.0;35;493;44
2253;12656.0;84;2744;16
2254;15214.0;75;1137;1
2255;17574.0;6;143;242
2256;15737.0;43;602;14
2257;14311.0;16;82;224
2258;14339.0;11;177;234
2259;12982.0;23;283;239
2260;12701.0;32;458;79
2261;12596.0;16;389;50
2262;14273.0;18;374;50
2263;12363.0;16;432;109
2264;13549.0;31;526;25
2265;15414.0;21;444;9
2266;13203.0;24;343;9
2267;14628.0;14;379;90
2268;14326.0;4;111;241
2269;13655.0;25;373;113
2270;12910.0;41;1830;22
2271;13577.0;42;780;24
2272;15251.0;68;5763;8
2273;14111.0;7;344;13
2274;17160.0;141;2220;30
2275;16172.0;36;633;94
2276;17972.0;18;69;241
2277;12463.0;59;948;52
2278;14844.0;75;2077;63
2279;17278.0;11;165;240
2280;15212.0;2;9;238
2281;16729.0;397;4057;37
2282;14998.0;44;234;169
2283;13484.0;4;166;240
2284;16697.0;14;76;240
2285;14931.0;23;898;4
2286;18236.0;32;591;29
2287;13740.0;15;211;240
2288;16454.0;1;-15;240
2289;15230.0;17;292;240
2290;15134.0;43;806;14
2291;16309.0;27;407;91
2292;13544.0;56;195;39
2293;14262.0;80;1462;7
2294;13134.0;60;963;72
2295;17589.0;133;1276;59
2296;16097.0;6;120;239
2297;13122.0;36;613;239
2298;16966.0;16;1197;7
2299;17746.0;6;71;234
2300;16175.0;36;642;93
2301;14834.0;45;918;17
2302;16348.0;139;864;31
2303;15147.0;15;332;218
2304;16131.0;50;2246;51
2305;15813.0;23;774;207
2306;17058.0;33;612;81
2307;17704.0;19;642;168
2308;16933.0;26;298;0
2309;13772.0;114;721;33
2310;15935.0;8;82;238
2311;16249.0;47;1227;52
2312;16882.0;19;288;66
2313;14198.0;28;434;17
2314;13989.0;25;870;65
2315;17930.0;18;939;35
2316;14154.0;33;885;238
2317;14482.0;93;1331;17
2318;14163.0;39;1965;86
2319;14105.0;44;760;84
2320;17601.0;5;53;238
2321;17142.0;11;503;238
2322;13811.0;12;327;183
2323;12457.0;45;1579;65
2324;15135.0;7;82;232
2325;16806.0;53;406;102
2326;13952.0;96;2231;210
2327;12769.0;20;602;238
2328;13516.0;25;652;20
2329;14323.0;23;301;114
2330;18079.0;73;2358;44
2331;12639.0;11;289;238
2332;14700.0;63;1152;31
2333;15027.0;23;657;30
2334;17367.0;16;62;237
2335;18213.0;8;122;236
2336;17029.0;2;716;110
2337;15985.0;22;774;122
2338;16193.0;13;229;236
2339;15172.0;59;888;8
2340;13692.0;33;956;24
2341;15745.0;43;680;8
2342;17582.0;17;73;235
2343;13474.0;34;131;235
2344;17697.0;13;245;235
2345;16639.0;24;457;24
2346;16947.0;14;291;235
2347;15491.0;92;1833;94
2348;16617.0;3;81;235
2349;15265.0;54;996;150
2350;16226.0;5;147;202
2351;18009.0;18;131;234
2352;16399.0;42;242;18
2353;14623.0;84;600;31
2354;15625.0;43;943;103
2355;18064.0;6;635;132
2356;15508.0;58;673;188
2357;16628.0;59;1018;29
2358;13647.0;51;927;9
2359;15594.0;59;992;15
2360;13479.0;10;197;197
2361;13735.0;127;1542;24
2362;13376.0;31;556;98
2363;15717.0;4;85;233
2364;13719.0;39;685;14
2365;16633.0;93;1800;16
2366;13101.0;5;49;233
2367;15225.0;17;284;233
2368;14152.0;29;327;74
2369;12733.0;19;365;233
2370;15436.0;194;648;11
2371;17217.0;5;16;233
2372;17734.0;27;454;53
2373;14905.0;9;343;157
2374;14148.0;2;142;233
2375;16103.0;33;983;79
2376;14626.0;69;1490;23
2377;14868.0;83;1745;2
2378;18246.0;4;596;23
2379;13485.0;13;296;232
2380;15517.0;13;114;232
2381;17115.0;22;364;7
2382;17120.0;14;229;232
2383;16611.0;8;77;185
2384;17946.0;7;46;232
2385;15912.0;12;169;177
2386;12506.0;18;57;232
2387;12670.0;51;1518;9
2388;17588.0;15;774;99
2389;14759.0;75;1186;4
2390;16185.0;15;248;16
2391;13505.0;149;2539;67
2392;13389.0;29;448;10
2393;12354.0;31;588;231
2394;17631.0;29;381;1
2395;17061.0;54;3303;73
2396;17718.0;3;75;231
2397;17630.0;21;383;169
2398;13223.0;4;148;199
2399;16146.0;17;491;156
2400;17109.0;67;406;28
2401;16587.0;6;96;231
2402;12622.0;8;123;231
2403;16750.0;52;307;44
2404;13482.0;5;82;231
2405;14512.0;14;186;187
2406;17670.0;7;128;227
2407;16834.0;11;183;227
2408;15108.0;40;868;141
2409;16942.0;169;1248;12
2410;14640.0;64;1197;15
2411;16823.0;20;174;226
2412;15237.0;57;839;1
2413;12573.0;23;149;226
2414;17854.0;8;145;184
2415;18220.0;3;145;219
2416;17436.0;5;109;1
2417;16965.0;17;158;226
2418;12840.0;74;1680;143
2419;15891.0;36;302;226
2420;17187.0;6;114;226
2421;13637.0;52;406;51
2422;17991.0;2;5;225
2423;16418.0;57;389;44
2424;16099.0;23;418;49
2425;15768.0;16;165;115
2426;16637.0;42;631;31
2427;14240.0;27;640;29
2428;15143.0;8;152;225
2429;13229.0;9;145;225
2430;14973.0;22;657;106
2431;14271.0;3;21;225
2432;15952.0;57;517;33
2433;16227.0;4;127;224
2434;17893.0;11;81;224
2435;14022.0;19;271;224
2436;15210.0;16;226;224
2437;16370.0;129;714;81
2438;15376.0;72;770;39
2439;14655.0;33;1247;3
2440;17615.0;10;195;129
2441;16055.0;1;17;220
2442;14149.0;18;28;212
2443;17501.0;10;153;220
2444;14191.0;164;2914;1
2445;13282.0;27;719;17
2446;15582.0;23;349;24
2447;16230.0;22;351;189
2448;18146.0;7;116;140
2449;15976.0;57;227;164
2450;12886.0;58;912;67
2451;13220.0;15;496;77
2452;17974.0;102;446;24
2453;13524.0;18;470;40
2454;17955.0;14;320;218
2455;15128.0;66;807;59
2456;16610.0;3;36;218
2457;17394.0;2;185;218
2458;16094.0;41;651;11
2459;14173.0;16;283;10
2460;16258.0;80;2751;44
2461;14948.0;38;619;22
2462;17384.0;10;86;18
2463;16990.0;1;179;218
2464;13762.0;6;115;203
2465;12593.0;11;224;108
2466;14340.0;4;92;218
2467;17429.0;22;272;120
2468;13711.0;9;177;218
2469;14515.0;60;1251;17
2470;16457.0;8;188;217
2471;17527.0;28;614;53
2472;14199.0;2;185;217
2473;13888.0;28;444;119
2474;14423.0;3;265;217
2475;14697.0;9;67;217
2476;17522.0;42;762;1
2477;13867.0;39;612;30
2478;17624.0;31;507;14
2479;14393.0;3;46;217
2480;17578.0;2;49;217
2481;13450.0;48;1362;26
2482;17423.0;17;386;44
2483;18241.0;65;1336;9
2484;16319.0;3;404;217
2485;15757.0;26;414;65
2486;17174.0;3;40;217
2487;13365.0;72;1264;8
2488;18227.0;2;27;217
2489;14145.0;4;534;132
2490;18235.0;69;1077;71
2491;13741.0;21;411;71
2492;12394.0;14;508;63
2493;16832.0;8;145;183
2494;15258.0;24;416;168
2495;15552.0;11;58;216
2496;18170.0;27;631;32
2497;13723.0;5;150;216
2498;14005.0;51;1865;9
2499;15561.0;20;494;11
2500;16121.0;124;467;56
2501;18142.0;13;678;150
2502;13642.0;35;161;215
2503;15117.0;43;794;14
2504;13561.0;8;117;215
2505;15704.0;63;1169;139
2506;16007.0;247;1019;47
2507;16232.0;25;784;43
2508;17410.0;37;639;15
2509;13835.0;29;460;24
2510;13427.0;14;307;18
2511;14353.0;3;54;214
2512;12700.0;149;2810;7
2513;13003.0;3;50;214
2514;16756.0;9;156;214
2515;13492.0;26;654;135
2516;16440.0;169;2209;7
2517;18120.0;12;89;213
2518;12355.0;8;305;213
2519;17723.0;5;1907;126
2520;14699.0;5;69;213
2521;12821.0;4;66;213
2522;13055.0;49;769;63
2523;13320.0;57;818;77
2524;16357.0;21;386;32
2525;18242.0;52;1584;71
2526;15865.0;27;645;40
2527;17597.0;35;1245;213
2528;14397.0;60;1600;0
2529;13242.0;9;187;111
2530;12684.0;65;1394;7
2531;14288.0;10;251;212
2532;15063.0;1;19;212
2533;12592.0;6;140;91
2534;14591.0;108;838;14
2535;13990.0;10;209;212
2536;12749.0;128;2164;3
2537;16320.0;41;754;171
2538;14691.0;42;1177;30
2539;16229.0;26;548;86
2540;14920.0;38;635;212
2541;17489.0;19;239;58
2542;13404.0;5;138;212
2543;15729.0;3;17;197
2544;16644.0;33;457;177
2545;14731.0;29;215;46
2546;14277.0;136;2022;14
2547;15187.0;55;3011;1
2548;13052.0;11;193;211
2549;17664.0;24;332;18
2550;14649.0;123;646;4
2551;13235.0;39;700;211
2552;14883.0;32;447;18
2553;12976.0;16;543;211
2554;14681.0;4;424;70
2555;14421.0;21;556;56
2556;16116.0;22;369;205
2557;14988.0;25;246;211
2558;15489.0;30;487;22
2559;14364.0;47;2830;108
2560;16006.0;5;72;210
2561;16184.0;30;736;63
2562;17932.0;57;833;28
2563;18221.0;36;560;21
2564;12590.0;45;6321;189
2565;14853.0;3;57;23
2566;18133.0;1;-216;210
2567;17658.0;13;267;10
2568;17764.0;47;531;50
2569;14651.0;65;486;66
2570;14000.0;9;338;205
2571;13601.0;67;497;44
2572;12757.0;214;2531;15
2573;17970.0;21;302;210
2574;12770.0;7;963;210
2575;15826.0;36;793;50
2576;15907.0;153;660;3
2577;12695.0;17;357;65
2578;14342.0;17;467;20
2579;14873.0;13;254;209
2580;14689.0;7;52;208
2581;15440.0;35;242;54
2582;16076.0;81;1269;2
2583;15333.0;7;303;207
2584;16283.0;98;974;5
2585;17263.0;13;34;207
2586;16877.0;93;514;11
2587;12674.0;55;1285;36
2588;16642.0;23;470;4
2589;12871.0;4;132;83
2590;14038.0;56;946;77
2591;14489.0;16;233;206
2592;14888.0;14;266;206
2593;13456.0;44;1268;17
2594;17898.0;16;82;84
2595;13976.0;7;239;206
2596;16139.0;20;400;18
2597;15730.0;46;684;65
2598;16266.0;31;473;73
2599;15123.0;67;1424;6
2600;17505.0;30;616;161
2601;12690.0;9;230;205
2602;16446.0;3;-168466;0
2603;17556.0;3;53;205
2604;14583.0;211;611;5
2605;16818.0;120;2062;10
2606;13572.0;20;917;205
2607;14009.0;28;425;197
2608;13258.0;20;466;11
2609;14463.0;5;484;97
2610;13192.0;36;528;94
2611;16987.0;75;778;2
2612;13417.0;16;355;4
2613;17047.0;33;558;84
2614;15116.0;34;1116;17
2615;17469.0;55;1116;15
2616;16647.0;9;144;169
2617;15630.0;38;742;44
2618;17245.0;5;98;204
2619;16008.0;21;334;23
2620;17871.0;6;114;204
2621;13529.0;12;224;78
2622;12620.0;55;796;14
2623;15599.0;26;375;26
2624;16813.0;271;945;7
2625;14859.0;34;703;12
2626;16463.0;48;725;20
2627;15791.0;42;931;43
2628;13658.0;63;1243;9
2629;13887.0;12;206;203
2630;12353.0;2;37;203
2631;14551.0;3;59;203
2632;17166.0;11;161;38
2633;17926.0;8;171;132
2634;17455.0;7;114;203
2635;13308.0;36;867;22
2636;13856.0;7;45;168
2637;13243.0;36;375;202
2638;15095.0;30;811;103
2639;18048.0;4;78;202
2640;18287.0;38;924;58
2641;18150.0;25;388;31
2642;16690.0;7;104;43
2643;13555.0;75;2208;73
2644;16038.0;21;332;7
2645;13972.0;11;149;70
2646;13227.0;5;99;201
2647;13657.0;7;203;10
2648;17176.0;9;213;201
2649;14837.0;63;966;89
2650;14682.0;1;20;200
2651;14921.0;40;601;29
2652;16341.0;51;1141;24
2653;14647.0;19;193;200
2654;12710.0;48;696;96
2655;15292.0;16;114;200
2656;15705.0;5;83;200
2657;13339.0;31;479;200
2658;13885.0;21;371;188
2659;12360.0;79;1437;51
2660;13546.0;57;345;11
2661;18160.0;25;407;56
2662;15434.0;38;657;7
2663;15734.0;15;551;114
2664;13737.0;17;110;199
2665;13213.0;52;842;56
2666;18018.0;19;79;107
2667;15314.0;15;189;198
2668;17521.0;24;372;29
2669;15042.0;2;19;198
2670;12863.0;4;417;51
2671;16091.0;8;155;154
2672;15804.0;172;2635;0
2673;14593.0;98;342;21
2674;14287.0;6;108;7
2675;16763.0;10;309;198
2676;14705.0;1;179;198
2677;12562.0;99;2277;7
2678;12815.0;28;631;147
2679;14522.0;11;616;71
2680;16448.0;13;103;197
2681;14584.0;49;517;168
2682;12974.0;4;61;197
2683;12987.0;16;254;73
2684;14816.0;3;259;196
2685;15852.0;14;132;186
2686;16624.0;29;455;80
2687;12493.0;11;191;165
2688;18232.0;29;450;81
2689;18073.0;48;2454;113
2690;16369.0;67;881;17
2691;14280.0;6;98;196
2692;13135.0;1;3096;196
2693;17345.0;52;308;14
2694;16275.0;16;263;196
2695;14338.0;18;371;190
2696;15402.0;22;361;148
2697;12876.0;52;1285;57
2698;16323.0;1;207;195
2699;12426.0;13;297;194
2700;14451.0;63;360;59
2701;14823.0;38;157;179
2702;15897.0;13;167;193
2703;17051.0;28;179;193
2704;15925.0;9;156;193
2705;12787.0;12;266;9
2706;15863.0;11;43;25
2707;16483.0;13;93;191
2708;13398.0;16;310;191
2709;13070.0;7;187;191
2710;12790.0;11;154;191
2711;15163.0;15;181;17
2712;18204.0;121;1283;70
2713;15124.0;8;89;22
2714;12473.0;102;1580;28
2715;16969.0;22;358;38
2716;14597.0;29;442;10
2717;13917.0;13;189;49
2718;16424.0;4;103;190
2719;13062.0;5;171;190
2720;16484.0;19;303;173
2721;15184.0;45;286;28
2722;18135.0;13;502;28
2723;14453.0;17;81;189
2724;13437.0;101;2114;13
2725;17900.0;2;-2;164
2726;12517.0;168;1371;27
2727;16529.0;15;264;189
2728;17531.0;8;153;189
2729;16239.0;10;115;56
2730;14500.0;5;306;111
2731;16117.0;19;141;189
2732;13248.0;15;269;124
2733;16967.0;11;166;188
2734;15405.0;5;195;188
2735;16659.0;2;39;188
2736;16880.0;98;952;30
2737;13435.0;63;2103;4
2738;13131.0;32;789;22
2739;14891.0;22;359;147
2740;16682.0;15;580;4
2741;15453.0;162;751;1
2742;16963.0;6;92;186
2743;13682.0;3;59;186
2744;15152.0;157;2728;9
2745;15462.0;7;144;93
2746;12449.0;107;2294;21
2747;15349.0;35;245;157
2748;16849.0;2;28;186
2749;12802.0;19;293;183
2750;15073.0;42;154;9
2751;16298.0;19;378;22
2752;17190.0;11;-87;58
2753;12535.0;21;415;91
2754;18248.0;27;355;113
2755;15386.0;25;314;185
2756;17361.0;14;229;48
2757;17252.0;43;180;116
2758;14542.0;2;52;185
2759;16825.0;16;398;38
2760;12380.0;59;1779;21
2761;18072.0;24;-15;154
2762;16462.0;2;102;73
2763;13643.0;14;259;30
2764;15969.0;13;280;2
2765;12891.0;1;85;185
2766;13283.0;4;50;59
2767;17015.0;119;1032;28
2768;14375.0;39;142;184
2769;17124.0;18;146;184
2770;17987.0;7;89;184
2771;13395.0;14;212;184
2772;17828.0;50;573;8
2773;15743.0;54;509;15
2774;17414.0;4;417;184
2775;14622.0;13;190;184
2776;15609.0;13;205;182
2777;15400.0;4;165;91
2778;14561.0;39;581;75
2779;16872.0;4;308;76
2780;16358.0;66;1273;0
2781;15238.0;35;704;28
2782;13466.0;12;204;99
2783;17360.0;78;334;16
2784;13510.0;67;1019;0
2785;12406.0;69;2116;21
2786;14241.0;3;49;183
2787;14132.0;114;2140;1
2788;14963.0;129;1084;9
2789;17169.0;28;409;49
2790;15252.0;26;455;35
2791;17731.0;55;553;78
2792;16113.0;20;90;182
2793;12694.0;25;565;69
2794;16107.0;11;1120;17
2795;17483.0;13;266;64
2796;15679.0;63;429;23
2797;13686.0;5;46;182
2798;16581.0;5;10;154
2799;15267.0;3;357;42
2800;17234.0;9;81;182
2801;17797.0;64;512;21
2802;16614.0;18;378;182
2803;12409.0;63;6506;78
2804;15411.0;54;763;25
2805;14178.0;214;1089;8
2806;15098.0;4;0;181
2807;18281.0;4;41;180
2808;14984.0;23;119;18
2809;12516.0;16;1036;77
2810;17265.0;74;345;138
2811;13617.0;33;381;39
2812;17242.0;28;797;107
2813;17289.0;61;467;31
2814;16018.0;17;275;38
2815;14704.0;258;937;19
2816;16794.0;179;773;0
2817;13761.0;43;663;49
2818;13517.0;90;1307;59
2819;13936.0;15;174;170
2820;16342.0;11;238;74
2821;14177.0;27;389;85
2822;12732.0;5;119;179
2823;16205.0;62;417;30
2824;15036.0;77;266;71
2825;13589.0;14;243;14
2826;17579.0;38;293;4
2827;15069.0;38;590;178
2828;17349.0;7;91;178
2829;13080.0;6;58;178
2830;13663.0;7;102;178
2831;14503.0;95;1869;2
2832;16774.0;25;354;67
2833;13384.0;82;2436;30
2834;17101.0;26;1113;9
2835;14997.0;19;398;45
2836;14609.0;1;151;177
2837;17155.0;15;214;17
2838;12809.0;17;272;167
2839;16461.0;21;103;177
2840;13343.0;12;174;172
2841;12624.0;19;327;105
2842;18165.0;7;142;176
2843;17536.0;2;51;176
2844;16324.0;66;230;127
2845;17651.0;139;2174;11
2846;14222.0;25;420;176
2847;15585.0;18;262;176
2848;17490.0;51;1238;0
2849;16739.0;9;197;171
2850;16276.0;3;145;176
2851;17193.0;23;995;35
2852;16279.0;61;866;20
2853;14285.0;17;1257;20
2854;17642.0;21;336;119
2855;12816.0;23;442;95
2856;13826.0;8;89;157
2857;13575.0;25;387;22
2858;17157.0;11;225;7
2859;16852.0;5;88;9
2860;15219.0;3;57;175
2861;14765.0;29;204;28
2862;16869.0;78;500;22
2863;15909.0;3;86;173
2864;13618.0;7;99;173
2865;16050.0;6;75;173
2866;17879.0;1;23;173
2867;17562.0;39;706;13
2868;15334.0;68;257;156
2869;12450.0;5;141;155
2870;13568.0;21;100;172
2871;14820.0;19;307;20
2872;16744.0;148;761;10
2873;15700.0;50;361;171
2874;17299.0;36;369;11
2875;12837.0;6;49;172
2876;15076.0;26;451;172
2877;17444.0;82;2009;147
2878;15921.0;13;213;172
2879;15747.0;60;673;12
2880;15840.0;15;166;58
2881;15016.0;13;100;172
2882;14808.0;153;1012;39
2883;12904.0;45;352;17
2884;15825.0;12;175;171
2885;12432.0;72;3557;42
2886;15280.0;8;55;171
2887;17159.0;55;876;21
2888;12830.0;24;4800;90
2889;15507.0;27;326;171
2890;18252.0;54;330;50
2891;16526.0;7;175;171
2892;17695.0;25;501;131
2893;12930.0;16;263;77
2894;14960.0;11;70;7
2895;12444.0;111;3113;20
2896;17960.0;17;38;170
2897;15412.0;8;176;170
2898;13763.0;12;1228;62
2899;12798.0;7;3325;43
2900;13849.0;65;972;51
2901;16114.0;6;100;170
2902;13420.0;7;130;134
2903;13780.0;39;254;6
2904;17877.0;6;196;169
2905;16247.0;8;52;169
2906;15041.0;35;96;169
2907;12379.0;22;367;81
2908;16287.0;6;101;169
2909;12919.0;32;784;7
2910;15130.0;14;188;169
2911;12704.0;52;1298;6
2912;17370.0;20;261;72
2913;17709.0;3;42;169
2914;15253.0;32;529;15
2915;13300.0;16;245;164
2916;17759.0;63;596;16
2917;12465.0;30;429;7
2918;12412.0;42;828;74
2919;12697.0;27;560;28
2920;13937.0;7;126;168
2921;12615.0;62;1372;1
2922;15850.0;54;134;18
2923;15186.0;12;237;13
2924;13791.0;10;619;42
2925;14795.0;2;47;165
2926;17768.0;66;1340;7
2927;18112.0;20;284;11
2928;12548.0;2;34;165
2929;17386.0;14;1103;7
2930;14104.0;12;62;154
2931;17110.0;6;82;164
2932;13895.0;72;1668;27
2933;16545.0;1;76;164
2934;16671.0;2;1121;164
2935;14351.0;1;51;164
2936;17391.0;2;407;164
2937;16824.0;12;239;15
2938;17750.0;121;1106;4
2939;16200.0;114;646;3
2940;17997.0;106;990;73
2941;14383.0;39;712;37
2942;13461.0;18;1051;38
2943;17408.0;2;32;162
2944;15537.0;12;72;162
2945;14327.0;5;113;162
2946;17837.0;102;967;41
2947;12424.0;22;1160;162
2948;15578.0;8;21;161
2949;15584.0;79;430;23
2950;13745.0;16;186;161
2951;16498.0;10;54;160
2952;17891.0;20;120;161
2953;17123.0;4;138;161
2954;16866.0;9;205;140
2955;13730.0;20;331;135
2956;16589.0;25;355;70
2957;12922.0;19;276;160
2958;16009.0;51;635;21
2959;14053.0;3;147;123
2960;17939.0;5;33;159
2961;17312.0;9;601;138
2962;13833.0;15;186;158
2963;17899.0;21;77;158
2964;15007.0;8;103;158
2965;17464.0;4;165;157
2966;18265.0;32;564;71
2967;16344.0;2;101;157
2968;13338.0;16;321;153
2969;17024.0;2;56;98
2970;14034.0;53;402;21
2971;18203.0;10;104;156
2972;16616.0;18;294;14
2973;16338.0;7;157;156
2974;17046.0;9;273;156
2975;13109.0;31;503;2
2976;16829.0;6;121;156
2977;14002.0;32;368;133
2978;12977.0;7;32;155
2979;13291.0;28;205;155
2980;13583.0;35;526;155
2981;16929.0;38;585;3
2982;17892.0;14;90;56
2983;15505.0;57;2050;52
2984;14459.0;21;1152;154
2985;18013.0;20;117;154
2986;13681.0;33;503;17
2987;13699.0;8;176;154
2988;14493.0;70;1327;6
2989;13486.0;52;869;77
2990;13302.0;1;63;154
2991;16012.0;51;870;34
2992;12635.0;65;1133;89
2993;17031.0;16;278;11
2994;12461.0;23;586;93
2995;12648.0;14;221;154
2996;18121.0;21;408;148
2997;15901.0;73;219;16
2998;14918.0;25;922;115
2999;15920.0;35;102;153
3000;17353.0;4;870;128
3001;18024.0;13;-92;152
3002;15467.0;36;342;8
3003;16174.0;13;226;125
3004;13678.0;11;153;151
3005;14690.0;38;272;43
3006;13058.0;4;105;57
3007;14552.0;38;112;151
3008;12556.0;64;327;49
3009;13224.0;68;1282;59
3010;16989.0;6;608;62
3011;12358.0;12;688;1
3012;13207.0;5;139;14
3013;18122.0;227;1117;7
3014;12722.0;35;601;84
3015;17405.0;49;518;0
3016;13311.0;12;330;3
3017;15051.0;77;729;22
3018;15895.0;6;152;149
3019;15795.0;24;379;149
3020;13669.0;4;118;50
3021;16450.0;7;185;149
3022;13667.0;51;164;148
3023;14400.0;15;301;148
3024;12405.0;33;771;148
3025;14265.0;24;422;108
3026;14847.0;11;259;148
3027;14862.0;30;532;25
3028;16488.0;17;334;32
3029;15256.0;2;35;148
3030;14716.0;35;224;42
3031;13933.0;13;387;108
3032;14857.0;40;733;59
3033;15306.0;31;599;63
3034;15839.0;36;569;24
3035;13994.0;92;1455;3
3036;17554.0;51;1135;0
3037;14332.0;16;530;22
3038;17266.0;49;193;1
3039;15004.0;97;816;146
3040;14722.0;18;125;146
3041;13507.0;98;1444;2
3042;13967.0;2;80;145
3043;16054.0;37;427;144
3044;12833.0;15;265;144
3045;16474.0;206;1071;6
3046;17984.0;24;81;144
3047;12589.0;22;427;28
3048;17448.0;1;-4287;144
3049;16762.0;53;870;19
3050;15369.0;1;-1592;143
3051;13154.0;1;-611;143
3052;13940.0;23;411;16
3053;14029.0;11;386;62
3054;14117.0;2;60;143
3055;13167.0;39;500;18
3056;17779.0;50;292;20
3057;13991.0;54;512;11
3058;18101.0;29;140;10
3059;17065.0;1;-112;142
3060;13827.0;59;277;57
3061;12560.0;61;1318;4
3062;16764.0;439;1683;3
3063;18180.0;70;1132;4
3064;12521.0;25;409;142
3065;15587.0;3;406;49
3066;17866.0;6;229;142
3067;15802.0;1;-451;142
3068;13217.0;5;-3;121
3069;17229.0;26;191;95
3070;14456.0;581;1763;4
3071;16464.0;135;802;19
3072;17962.0;19;48;141
3073;16149.0;13;218;4
3074;14259.0;4;103;141
3075;18143.0;42;720;116
3076;17935.0;19;94;141
3077;14517.0;10;185;32
3078;17694.0;7;126;141
3079;17660.0;28;103;140
3080;16041.0;2;812;140
3081;15380.0;25;1129;8
3082;15623.0;12;185;140
3083;15829.0;31;407;98
3084;15232.0;21;424;112
3085;12438.0;63;2038;13
3086;12627.0;144;2813;10
3087;13079.0;3;77;21
3088;18262.0;6;73;139
3089;13563.0;30;316;83
3090;15506.0;100;654;22
3091;16305.0;10;178;138
3092;12864.0;1;119;137
3093;17724.0;23;436;57
3094;17703.0;34;491;34
3095;13116.0;18;279;116
3096;14019.0;45;962;46
3097;17649.0;30;496;134
3098;16178.0;5;110;137
3099;17040.0;9;287;137
3100;14100.0;18;140;137
3101;16557.0;7;164;23
3102;13296.0;4;76;136
3103;13814.0;30;762;55
3104;16364.0;33;389;11
3105;17693.0;10;132;136
3106;15372.0;13;1074;136
3107;15618.0;31;434;32
3108;13930.0;11;202;57
3109;13379.0;55;273;25
3110;13194.0;1;17;135
3111;16447.0;22;146;135
3112;14305.0;60;826;70
3113;12397.0;69;1439;35
3114;14331.0;21;350;123
3115;15261.0;12;139;134
3116;17870.0;165;982;1
3117;15105.0;69;1634;17
3118;13813.0;42;796;39
3119;18268.0;2;0;133
3120;14855.0;14;415;118
3121;13925.0;29;395;35
3122;18237.0;44;718;2
3123;12453.0;22;332;133
3124;15639.0;16;279;133
3125;15746.0;21;107;133
3126;12743.0;79;282;133
3127;15942.0;14;337;133
3128;14143.0;4;68;133
3129;15120.0;11;197;133
3130;16147.0;17;298;133
3131;13277.0;6;159;15
3132;18127.0;31;240;18
3133;15149.0;9;202;133
3134;18081.0;6;127;35
3135;14511.0;42;728;10
3136;12716.0;51;783;3
3137;15776.0;11;146;132
3138;12981.0;12;229;29
3139;13106.0;1;76;132
3140;13928.0;13;211;10
3141;14885.0;11;566;131
3142;13388.0;20;409;130
3143;15438.0;17;107;130
3144;17173.0;45;1913;4
3145;17941.0;2;304;130
3146;14947.0;10;227;71
3147;17053.0;4;154;130
3148;12534.0;37;604;130
3149;12844.0;27;144;28
3150;14567.0;25;1099;34
3151;14937.0;19;989;56
3152;12828.0;41;745;2
3153;16984.0;255;2683;77
3154;13023.0;21;336;63
3155;13075.0;16;646;129
3156;15342.0;16;211;115
3157;12644.0;24;345;129
3158;12378.0;121;2268;129
3159;17788.0;2;8;129
3160;13850.0;58;1032;128
3161;14076.0;27;62;128
3162;13805.0;10;698;51
3163;17887.0;5;77;128
3164;13186.0;55;1053;39
3165;12750.0;11;202;128
3166;15374.0;3;168;128
3167;17656.0;42;762;72
3168;16102.0;36;1340;41
3169;15089.0;73;1188;9
3170;14972.0;14;88;127
3171;17514.0;25;129;127
3172;12917.0;1;297;127
3173;12689.0;43;774;25
3174;14768.0;4;139;16
3175;17584.0;20;636;6
3176;15254.0;10;185;126
3177;18099.0;9;107;126
3178;15205.0;23;361;84
3179;13218.0;2;21;126
3180;17267.0;23;189;126
3181;16302.0;6;103;126
3182;13513.0;8;177;126
3183;14720.0;20;369;5
3184;18282.0;7;72;7
3185;12610.0;62;1289;22
3186;13200.0;35;627;18
3187;14079.0;10;349;124
3188;17298.0;20;315;100
3189;14024.0;7;137;121
3190;16066.0;65;891;16
3191;15198.0;6;116;91
3192;12865.0;58;969;25
3193;12885.0;42;659;62
3194;17331.0;1;175;123
3195;13016.0;26;464;72
3196;13500.0;46;794;22
3197;15247.0;5;345;121
3198;13355.0;23;427;121
3199;16053.0;49;872;32
3200;13919.0;17;226;52
3201;12384.0;19;372;28
3202;16292.0;12;146;116
3203;12571.0;24;380;39
3204;14116.0;49;990;19
3205;14495.0;2;40;50
3206;15494.0;82;782;20
3207;15608.0;30;511;59
3208;17248.0;46;181;119
3209;17633.0;41;783;30
3210;13645.0;2;149;119
3211;15469.0;15;209;42
3212;13307.0;1;15;119
3213;12381.0;44;1048;4
3214;17122.0;4;72;118
3215;14406.0;4;72;118
3216;15683.0;3;79;116
3217;14301.0;12;490;107
3218;14658.0;13;137;4
3219;13621.0;10;111;116
3220;16272.0;16;255;116
3221;17958.0;6;504;116
3222;16961.0;10;167;115
3223;16902.0;27;1120;115
3224;15706.0;30;396;64
3225;15480.0;26;526;115
3226;15315.0;21;310;63
3227;15653.0;4;849;92
3228;13159.0;81;835;8
3229;13189.0;20;168;18
3230;17637.0;21;345;30
3231;12641.0;6;118;114
3232;13470.0;6;99;98
3233;15786.0;157;2548;43
3234;15541.0;16;37;113
3235;16734.0;34;510;51
3236;16706.0;75;361;36
3237;17070.0;44;197;113
3238;12688.0;102;2643;113
3239;12729.0;17;297;113
3240;12962.0;7;108;6
3241;13273.0;8;52;112
3242;17736.0;13;159;31
3243;15472.0;49;238;112
3244;12680.0;33;546;0
3245;16582.0;2;27;112
3246;12513.0;23;341;84
3247;15396.0;8;178;112
3248;12418.0;21;437;112
3249;16828.0;5;75;92
3250;14712.0;16;793;28
3251;12991.0;20;327;22
3252;14772.0;5;71;111
3253;12364.0;49;822;7
3254;12968.0;4;101;111
3255;16330.0;26;192;17
3256;14566.0;3;1074;110
3257;15701.0;137;924;1
3258;12518.0;81;1283;0
3259;14529.0;139;353;59
3260;16536.0;32;307;106
3261;15313.0;1;52;109
3262;15801.0;48;734;45
3263;16201.0;73;1153;2
3264;16555.0;14;240;34
3265;16952.0;8;97;108
3266;14387.0;85;1083;32
3267;17073.0;100;773;17
3268;18147.0;4;98;45
3269;14523.0;6;129;107
3270;14418.0;76;1108;3
3271;12642.0;31;634;24
3272;16968.0;18;264;3
3273;16723.0;23;397;90
3274;13411.0;8;105;106
3275;16340.0;91;318;106
3276;13236.0;22;407;24
3277;14196.0;3;73;106
3278;15263.0;10;130;106
3279;14314.0;7;110;106
3280;16093.0;1;17;106
3281;17844.0;2;13;106
3282;14687.0;9;357;106
3283;14050.0;36;484;31
3284;16429.0;2;284;105
3285;14055.0;6;199;105
3286;12715.0;9;133;105
3287;15663.0;4;67;105
3288;18200.0;16;84;105
3289;18167.0;25;807;3
3290;13644.0;88;1532;8
3291;17451.0;68;1023;0
3292;16641.0;9;184;105
3293;13812.0;17;272;41
3294;14141.0;27;514;2
3295;15074.0;24;431;104
3296;12492.0;12;150;62
3297;17183.0;47;2197;7
3298;15325.0;30;84;103
3299;13778.0;7;138;102
3300;14869.0;52;543;3
3301;14096.0;3048;32896;3
3302;14108.0;23;423;30
3303;15866.0;29;130;100
3304;14660.0;19;144;86
3305;13726.0;26;649;38
3306;15690.0;9;91;3
3307;17777.0;100;315;24
3308;16278.0;15;408;93
3309;13276.0;14;291;63
3310;12436.0;9;242;99
3311;17653.0;24;437;28
3312;13147.0;4;712;9
3313;13045.0;11;219;98
3314;12739.0;25;804;77
3315;14420.0;15;191;98
3316;14436.0;3;27;98
3317;18027.0;8;47;98
3318;12794.0;22;385;52
3319;12832.0;17;244;31
3320;16674.0;62;184;54
3321;12375.0;7;164;2
3322;16173.0;56;908;15
3323;14171.0;35;208;97
3324;13434.0;6;442;73
3325;16761.0;7;231;96
3326;14067.0;32;267;63
3327;13808.0;42;1005;5
3328;12851.0;30;64;96
3329;14335.0;36;287;15
3330;14965.0;56;364;95
3331;15136.0;39;704;2
3332;16629.0;41;268;73
3333;18261.0;7;104;42
3334;18273.0;2;153;1
3335;15307.0;10;172;95
3336;16820.0;13;257;95
3337;17309.0;6;41;94
3338;13949.0;94;1405;2
3339;14360.0;65;1162;31
3340;16400.0;17;180;94
3341;14208.0;8;128;94
3342;12526.0;43;850;0
3343;13130.0;1;25;93
3344;13210.0;15;264;93
3345;17481.0;47;743;3
3346;12685.0;84;1474;27
3347;17573.0;15;253;28
3348;14452.0;40;153;10
3349;15885.0;11;242;92
3350;13889.0;11;306;92
3351;15488.0;2;91;92
3352;18222.0;13;312;92
3353;13244.0;18;77;92
3354;17004.0;27;1030;45
3355;13441.0;7;201;91
3356;13823.0;23;601;18
3357;12879.0;7;443;77
3358;16603.0;19;287;74
3359;14824.0;21;634;9
3360;16910.0;327;888;3
3361;15652.0;12;211;90
3362;16362.0;59;410;31
3363;15035.0;14;169;89
3364;14508.0;33;154;21
3365;13272.0;10;167;30
3366;17317.0;5;1574;89
3367;14212.0;5;774;89
3368;13372.0;16;264;89
3369;18255.0;3;53;88
3370;14250.0;63;1107;6
3371;16796.0;10;157;88
3372;14432.0;230;1329;9
3373;15782.0;25;1464;9
3374;12883.0;27;438;24
3375;12965.0;70;553;88
3376;15533.0;46;362;18
3377;18215.0;8;185;88
3378;18158.0;25;295;8
3379;13375.0;25;453;80
3380;13431.0;27;604;66
3381;16211.0;11;159;80
3382;12884.0;5;267;87
3383;16141.0;16;328;87
3384;17919.0;12;619;87
3385;16360.0;407;2069;4
3386;17433.0;33;172;87
3387;13704.0;82;1367;4
3388;14020.0;22;372;16
3389;14359.0;33;471;18
3390;16451.0;8;161;87
3391;12940.0;61;556;45
3392;15216.0;1;63;87
3393;15522.0;38;237;32
3394;17037.0;50;781;77
3395;12822.0;30;582;70
3396;15343.0;16;283;86
3397;14753.0;21;389;86
3398;16959.0;5;89;86
3399;18251.0;9;1948;86
3400;13032.0;47;661;38
3401;12895.0;12;201;41
3402;17640.0;2;114;86
3403;13860.0;42;670;0
3404;12756.0;2;71;86
3405;18001.0;36;310;11
3406;17728.0;112;1534;3
3407;15933.0;51;782;20
3408;14284.0;21;332;30
3409;15103.0;18;379;30
3410;15707.0;129;578;34
3411;13430.0;33;445;18
3412;12566.0;10;194;85
3413;13321.0;3;130;85
3414;13877.0;2;47;85
3415;15272.0;36;469;56
3416;15322.0;28;351;63
3417;17333.0;17;316;85
3418;13518.0;27;449;85
3419;14306.0;19;1051;50
3420;17679.0;17;1102;52
3421;16160.0;16;560;63
3422;15573.0;64;383;31
3423;14894.0;13;280;84
3424;17434.0;83;1485;1
3425;15466.0;35;183;84
3426;15511.0;102;567;11
3427;16189.0;7;110;15
3428;15417.0;13;231;84
3429;12995.0;2;34;77
3430;14557.0;17;-26;63
3431;16108.0;31;520;84
3432;17144.0;35;645;0
3433;16924.0;49;405;20
3434;15099.0;10;236;83
3435;13323.0;10;491;2
3436;14124.0;2;158;83
3437;15975.0;16;244;83
3438;15523.0;5;280;83
3439;15947.0;16;815;82
3440;13247.0;20;409;17
3441;13566.0;107;485;40
3442;18194.0;6;498;63
3443;16689.0;10;125;75
3444;16438.0;86;550;5
3445;13067.0;11;81;81
3446;16460.0;86;516;27
3447;13325.0;7;484;81
3448;12640.0;31;645;24
3449;13774.0;15;235;81
3450;12497.0;6;399;81
3451;12752.0;36;2862;80
3452;15504.0;9;39;80
3453;15500.0;39;644;7
3454;17557.0;23;334;13
3455;13228.0;1;179;80
3456;14356.0;22;380;59
3457;13416.0;14;486;43
3458;17628.0;1;16;80
3459;16527.0;7;149;80
3460;15341.0;10;1211;80
3461;16215.0;10;180;80
3462;14164.0;21;1016;80
3463;15888.0;10;137;79
3464;17564.0;34;342;23
3465;13356.0;22;362;79
3466;12390.0;17;304;79
3467;18228.0;19;500;49
3468;17415.0;11;438;79
3469;13350.0;22;397;15
3470;12550.0;37;646;78
3471;16627.0;9;136;78
3472;17475.0;7;104;78
3473;14951.0;14;232;78
3474;14780.0;16;279;54
3475;14887.0;4;1146;78
3476;15399.0;28;450;0
3477;17466.0;23;459;9
3478;16379.0;65;1353;3
3479;17172.0;9;153;74
3480;15239.0;27;350;9
3481;16213.0;5;82;78
3482;15603.0;1;13;78
3483;14261.0;30;625;50
3484;12657.0;36;594;10
3485;15571.0;29;352;11
3486;15484.0;112;2072;0
3487;12936.0;44;731;16
3488;16236.0;14;279;77
3489;16669.0;85;725;23
3490;15398.0;43;777;15
3491;12906.0;29;1266;11
3492;17079.0;1;59;77
3493;14125.0;101;1618;10
3494;17163.0;1;29;77
3495;12952.0;47;789;5
3496;12579.0;18;228;72
3497;13279.0;7;92;63
3498;12425.0;25;568;77
3499;16715.0;10;218;77
3500;13519.0;4;43;49
3501;12546.0;38;543;46
3502;15744.0;1;13;77
3503;13127.0;9;155;77
3504;15714.0;20;158;11
3505;17480.0;17;261;73
3506;15763.0;42;692;31
3507;15075.0;18;564;77
3508;16978.0;22;207;77
3509;14014.0;24;295;76
3510;16240.0;92;2084;7
3511;13336.0;28;422;76
3512;14652.0;16;67;76
3513;15807.0;24;438;49
3514;15762.0;27;427;64
3515;15475.0;21;313;76
3516;15978.0;29;691;76
3517;16485.0;28;258;76
3518;12488.0;31;730;9
3519;13083.0;9;131;75
3520;16169.0;53;1192;7
3521;17506.0;8;124;69
3522;16480.0;31;399;75
3523;17006.0;22;410;4
3524;17498.0;13;190;75
3525;17131.0;78;1412;4
3526;13536.0;98;1933;0
3527;15429.0;38;201;26
3528;17154.0;20;277;74
3529;16594.0;33;95;74
3530;16049.0;188;671;39
3531;14757.0;9;188;74
3532;16198.0;10;273;74
3533;13670.0;10;151;74
3534;18066.0;4;106;74
3535;14806.0;7;112;74
3536;12783.0;51;1057;1
3537;13429.0;48;689;10
3538;15154.0;63;150;73
3539;13390.0;7;321;74
3540;12925.0;26;429;4
3541;13927.0;16;265;74
3542;18205.0;21;348;35
3543;14908.0;7;188;73
3544;13639.0;18;687;73
3545;15958.0;4;57;73
3546;15492.0;21;371;27
3547;15243.0;14;218;73
3548;15344.0;18;270;0
3549;13866.0;4;76;73
3550;12612.0;14;434;57
3551;16999.0;16;382;22
3552;13514.0;3;116;73
3553;13314.0;45;328;1
3554;17805.0;8;507;73
3555;18278.0;6;111;73
3556;13979.0;36;588;72
3557;16181.0;5;71;72
3558;15568.0;30;423;2
3559;16354.0;26;246;62
3560;14412.0;25;506;34
3561;16119.0;8;195;7
3562;14109.0;11;28;22
3563;16157.0;13;466;15
3564;15348.0;5;70;71
3565;16281.0;9;1466;71
3566;13924.0;71;871;1
3567;14434.0;7;793;21
3568;13061.0;7;179;71
3569;17513.0;3;309;71
3570;16909.0;16;299;63
3571;16650.0;13;286;71
3572;18192.0;28;649;71
3573;17447.0;21;298;39
3574;17427.0;1;70;71
3575;15175.0;11;100;71
3576;13960.0;6;147;20
3577;17528.0;148;1992;0
3578;16361.0;70;616;9
3579;13886.0;11;178;70
3580;13354.0;34;457;70
3581;15050.0;46;886;24
3582;13503.0;9;119;70
3583;16653.0;45;681;15
3584;16574.0;18;300;70
3585;13759.0;12;411;32
3586;17813.0;232;1092;13
3587;12718.0;12;179;70
3588;15949.0;10;192;16
3589;12703.0;13;176;70
3590;13364.0;11;-2;66
3591;16268.0;30;478;70
3592;18053.0;10;133;65
3593;16101.0;51;777;53
3594;15565.0;5;113;49
3595;18217.0;19;400;28
3596;13954.0;17;246;1
3597;15593.0;3;45;70
3598;13095.0;5;65;70
3599;15287.0;10;273;21
3600;13347.0;4;182;69
3601;15185.0;14;234;69
3602;16404.0;14;263;69
3603;16613.0;16;335;69
3604;16591.0;5;76;68
3605;15774.0;14;147;68
3606;13558.0;92;337;5
3607;16930.0;28;151;25
3608;16533.0;110;600;18
3609;18059.0;13;189;8
3610;14488.0;30;627;67
3611;16747.0;22;455;24
3612;14333.0;10;302;63
3613;13635.0;38;657;67
3614;17330.0;3;149;67
3615;17321.0;60;359;7
3616;14815.0;32;458;36
3617;15091.0;21;342;67
3618;15088.0;35;638;20
3619;15930.0;12;215;66
3620;16183.0;8;152;66
3621;13297.0;37;1232;7
3622;13801.0;10;150;66
3623;17014.0;45;420;7
3624;15255.0;27;535;66
3625;14184.0;6;112;66
3626;13351.0;12;289;65
3627;15739.0;7;341;65
3628;12512.0;21;95;65
3629;17957.0;16;46;65
3630;15276.0;36;91;65
3631;15127.0;6;195;65
3632;16106.0;6;108;65
3633;17666.0;11;511;3
3634;13483.0;6;68;65
3635;16478.0;14;244;24
3636;17382.0;1;50;64
3637;12789.0;4;91;64
3638;16020.0;22;352;16
3639;17222.0;13;159;64
3640;16803.0;17;216;64
3641;13947.0;2;33;64
3642;16758.0;17;254;64
3643;12719.0;24;355;4
3644;17647.0;3;53;64
3645;14054.0;3;49;64
3646;12723.0;47;482;3
3647;18033.0;19;55;64
3648;13845.0;3;148;64
3649;15837.0;15;235;64
3650;12628.0;26;455;3
3651;13177.0;10;164;64
3652;14317.0;9;157;64
3653;16295.0;53;899;9
3654;13602.0;11;199;64
3655;16895.0;38;115;64
3656;17295.0;44;342;28
3657;13504.0;14;188;63
3658;14819.0;5;80;63
3659;13422.0;83;1622;50
3660;15264.0;10;176;63
3661;16432.0;6;245;63
3662;13816.0;19;271;23
3663;14518.0;12;142;63
3664;13882.0;41;809;2
3665;15937.0;4;77;63
3666;12923.0;13;86;63
3667;17453.0;14;294;17
3668;15766.0;4;164;63
3669;15300.0;14;230;63
3670;13348.0;6;85;63
3671;14592.0;92;292;34
3672;14792.0;3;4;63
3673;17030.0;6;85;63
3674;12420.0;15;296;63
3675;14427.0;12;225;49
3676;12519.0;14;271;63
3677;13359.0;17;281;58
3678;14138.0;30;544;1
3679;15297.0;25;379;9
3680;13876.0;4;64;63
3681;12740.0;20;308;63
3682;17086.0;59;1229;6
3683;13806.0;8;226;63
3684;18096.0;121;575;11
3685;13587.0;7;475;31
3686;12856.0;185;1198;7
3687;13419.0;11;125;63
3688;17509.0;223;3664;57
3689;16900.0;53;-144;11
3690;13689.0;4;716;62
3691;13755.0;198;1318;3
3692;16104.0;19;189;61
3693;13259.0;56;157;61
3694;16248.0;4;77;61
3695;15612.0;4;90;35
3696;15787.0;129;565;25
3697;16595.0;46;191;60
3698;13260.0;6;318;60
3699;15821.0;36;347;43
3700;18088.0;21;54;60
3701;16685.0;37;198;60
3702;13193.0;22;90;60
3703;13212.0;79;473;19
3704;14801.0;30;107;60
3705;16380.0;15;1241;60
3706;16921.0;30;87;60
3707;15193.0;10;306;60
3708;14027.0;4;77;60
3709;16179.0;7;130;60
3710;15473.0;5;673;13
3711;17425.0;24;413;60
3712;18169.0;7;119;60
3713;18126.0;34;112;60
3714;16688.0;39;869;0
3715;16982.0;8;147;60
3716;15330.0;6;137;31
3717;13685.0;24;2082;2
3718;16776.0;49;271;59
3719;13980.0;8;135;59
3720;13352.0;19;262;7
3721;15553.0;30;226;59
3722;15886.0;10;166;59
3723;17203.0;92;1538;35
3724;12607.0;124;121;57
3725;17459.0;56;326;42
3726;12772.0;41;733;59
3727;16561.0;20;321;5
3728;14121.0;105;1725;3
3729;12371.0;34;761;59
3730;17119.0;21;315;2
3731;17620.0;1;20;59
3732;12824.0;16;253;59
3733;14710.0;83;398;13
3734;16120.0;23;1025;58
3735;14624.0;11;190;58
3736;16171.0;2;48;58
3737;12536.0;151;10522;7
3738;13690.0;7;134;58
3739;17934.0;16;538;51
3740;14642.0;2;96;58
3741;12602.0;5;73;58
3742;16753.0;23;173;57
3743;17737.0;8;135;8
3744;13464.0;24;414;57
3745;12667.0;22;309;57
3746;12498.0;11;210;20
3747;14537.0;5;157;57
3748;17279.0;4;38;57
3749;14251.0;48;2060;1
3750;12446.0;33;573;57
3751;12631.0;17;258;56
3752;14234.0;93;484;21
3753;14975.0;10;239;56
3754;13853.0;13;494;56
3755;16773.0;15;79;56
3756;16430.0;3;165;56
3757;17181.0;15;56;56
3758;16793.0;8;110;56
3759;18130.0;41;621;8
3760;17614.0;63;245;56
3761;13858.0;7;140;56
3762;14856.0;32;708;35
3763;14089.0;8;105;56
3764;15478.0;30;745;39
3765;16413.0;15;104;56
3766;13810.0;21;505;28
3767;16416.0;49;604;26
3768;13006.0;2;11;55
3769;17986.0;1;20;55
3770;12454.0;17;161;52
3771;14910.0;23;237;2
3772;16243.0;33;292;33
3773;13878.0;17;550;54
3774;16934.0;39;576;54
3775;15994.0;16;177;54
3776;14547.0;213;2355;3
3777;16052.0;21;270;53
3778;15113.0;52;1839;9
3779;12475.0;19;418;53
3780;16542.0;2;64;53
3781;18042.0;3;52;53
3782;16563.0;8;826;53
3783;17201.0;20;134;53
3784;17520.0;18;310;53
3785;13923.0;13;257;53
3786;16412.0;25;104;53
3787;17205.0;9;291;53
3788;17534.0;6;134;53
3789;15335.0;19;99;53
3790;16737.0;1;417;52
3791;15066.0;25;408;31
3792;17206.0;1;24;52
3793;17785.0;7;84;52
3794;16932.0;32;86;52
3795;16363.0;5;109;52
3796;14830.0;25;105;52
3797;17244.0;18;622;52
3798;15355.0;6;116;28
3799;15598.0;8;74;34
3800;15637.0;7;92;52
3801;16848.0;8;162;52
3802;15678.0;6;174;52
3803;14015.0;12;489;52
3804;13594.0;15;258;52
3805;15327.0;2;48;52
3806;14861.0;5;107;51
3807;14554.0;125;1390;9
3808;12611.0;44;840;51
3809;14179.0;98;434;40
3810;15604.0;8;95;51
3811;14381.0;37;129;51
3812;12572.0;37;638;8
3813;16123.0;12;252;51
3814;16851.0;9;137;3
3815;17148.0;5;79;51
3816;17549.0;6;148;23
3817;17973.0;10;252;51
3818;15610.0;5;98;51
3819;15853.0;20;72;51
3820;18019.0;4;34;51
3821;14698.0;117;720;1
3822;15468.0;20;335;34
3823;16826.0;12;164;50
3824;17824.0;7;160;50
3825;12522.0;10;159;38
3826;15803.0;5;283;50
3827;15006.0;75;271;50
3828;17350.0;42;761;7
3829;14799.0;8;105;50
3830;15814.0;46;1080;2
3831;16260.0;9;560;50
3832;14638.0;8;206;50
3833;17354.0;11;931;50
3834;13245.0;10;300;50
3835;14923.0;28;484;50
3836;16177.0;9;187;49
3837;13366.0;1;56;49
3838;16284.0;72;531;30
3839;16846.0;6;126;49
3840;14484.0;11;271;49
3841;13897.0;12;192;49
3842;14585.0;23;136;49
3843;17125.0;25;178;49
3844;15836.0;8;69;44
3845;16313.0;13;215;2
3846;13460.0;7;71;28
3847;12403.0;5;326;49
3848;14967.0;5;413;49
3849;15286.0;2;174;49
3850;17832.0;32;91;49
3851;12646.0;27;786;4
3852;16015.0;114;424;3
3853;16311.0;19;266;17
3854;15728.0;2;-81;48
3855;15740.0;6;95;48
3856;13974.0;24;343;48
3857;15677.0;19;371;48
3858;15000.0;52;339;47
3859;16017.0;17;111;46
3860;13471.0;156;1672;0
3861;13598.0;28;115;46
3862;18005.0;37;150;3
3863;15427.0;173;863;32
3864;15022.0;76;531;11
3865;17111.0;23;166;46
3866;17836.0;16;78;46
3867;14629.0;91;505;3
3868;15592.0;13;223;46
3869;14607.0;73;5941;15
3870;15277.0;7;140;46
3871;16491.0;27;466;46
3872;17186.0;1;72;46
3873;15516.0;9;40;44
3874;14764.0;6;220;43
3875;16742.0;2;-36;46
3876;15142.0;18;365;45
3877;17344.0;18;109;45
3878;18240.0;3;51;45
3879;17081.0;38;166;24
3880;14474.0;15;272;45
3881;14139.0;13;192;45
3882;15844.0;8;103;45
3883;13176.0;42;295;45
3884;12398.0;48;841;45
3885;15345.0;12;217;34
3886;16708.0;13;315;45
3887;15963.0;11;193;19
3888;18045.0;29;113;44
3889;13182.0;5;56;44
3890;15158.0;2;59;44
3891;13028.0;29;383;22
3892;13978.0;10;104;14
3893;16056.0;37;419;44
3894;12812.0;10;157;44
3895;16071.0;16;251;44
3896;14539.0;19;336;15
3897;14550.0;27;524;10
3898;17712.0;18;276;44
3899;14102.0;50;717;4
3900;14598.0;21;103;43
3901;15320.0;21;120;43
3902;16415.0;30;138;43
3903;12448.0;14;272;43
3904;12827.0;17;311;5
3905;16345.0;22;278;43
3906;15993.0;342;1728;8
3907;17895.0;12;83;43
3908;15948.0;30;484;7
3909;15659.0;8;240;43
3910;18154.0;12;220;2
3911;12630.0;38;844;9
3912;13363.0;25;407;17
3913;18276.0;7;175;20
3914;17684.0;9;160;43
3915;17878.0;15;227;43
3916;14752.0;3;307;43
3917;16847.0;9;155;42
3918;14971.0;100;708;34
3919;17545.0;88;366;42
3920;16026.0;20;147;42
3921;16513.0;20;413;18
3922;12430.0;6;143;42
3923;14357.0;31;196;42
3924;16855.0;13;215;23
3925;16680.0;6;111;42
3926;18035.0;39;523;35
3927;15014.0;19;86;42
3928;16648.0;10;112;38
3929;16164.0;20;409;16
3930;14218.0;9;118;42
3931;15096.0;6;96;42
3932;18030.0;5;200;3
3933;14416.0;9;413;21
3934;17839.0;32;186;41
3935;16601.0;21;157;40
3936;12912.0;14;1009;7
3937;13278.0;29;333;40
3938;14582.0;4;64;40
3939;15748.0;18;132;39
3940;16079.0;12;1024;16
3941;17590.0;117;842;1
3942;15054.0;65;190;11
3943;14158.0;24;325;39
3944;15385.0;6;214;39
3945;16506.0;1;19;39
3946;13822.0;58;433;5
3947;18067.0;19;199;39
3948;16190.0;4;173;39
3949;15444.0;134;887;8
3950;13607.0;63;408;39
3951;12581.0;10;124;39
3952;15360.0;8;259;39
3953;13103.0;1;27;39
3954;16836.0;3;45;39
3955;15667.0;10;209;39
3956;13651.0;3;48;34
3957;12552.0;14;232;39
3958;16127.0;20;368;38
3959;12588.0;6;140;38
3960;15977.0;39;637;16
3961;13697.0;5;57;38
3962;14345.0;4;76;38
3963;17503.0;21;272;2
3964;16830.0;13;176;38
3965;17495.0;16;292;7
3966;12491.0;16;267;38
3967;14485.0;25;92;38
3968;13868.0;20;320;38
3969;15423.0;2;43;37
3970;17668.0;6;137;0
3971;16971.0;24;-2;2
3972;16352.0;18;291;17
3973;16884.0;18;308;37
3974;15830.0;20;267;28
3975;14216.0;33;1064;2
3976;15275.0;25;400;37
3977;16790.0;52;808;3
3978;15576.0;19;330;37
3979;18105.0;12;97;37
3980;18164.0;13;208;36
3981;14974.0;9;50;36
3982;17947.0;7;103;36
3983;13318.0;10;296;0
3984;18104.0;22;357;36
3985;13271.0;63;102;36
3986;17595.0;49;234;11
3987;14528.0;7;187;36
3988;17432.0;31;254;17
3989;16337.0;7;115;36
3990;14098.0;10;47;36
3991;15551.0;15;207;36
3992;16347.0;53;526;10
3993;13721.0;17;336;35
3994;16500.0;8;210;4
3995;16322.0;18;134;0
3996;17403.0;20;185;35
3997;16914.0;21;112;35
3998;16602.0;13;181;30
3999;12544.0;11;177;29
4000;13914.0;22;392;3
4001;13467.0;67;773;10
4002;17221.0;35;160;6
4003;17078.0;18;327;35
4004;13447.0;33;600;22
4005;15010.0;17;266;35
4006;18022.0;112;372;35
4007;16318.0;15;253;34
4008;17274.0;15;38;34
4009;15597.0;14;155;29
4010;17233.0;15;121;34
4011;16887.0;20;103;34
4012;13938.0;5;56;34
4013;17084.0;96;1699;34
4014;14882.0;5;254;26
4015;15017.0;11;59;33
4016;12882.0;8;1019;8
4017;17387.0;46;447;19
4018;13727.0;12;170;28
4019;13532.0;43;139;33
4020;16445.0;36;125;33
4021;15156.0;36;634;0
4022;16372.0;56;187;32
4023;17608.0;32;107;32
4024;12638.0;23;445;32
4025;14174.0;12;61;32
4026;14039.0;3;49;32
4027;13040.0;27;432;8
4028;15883.0;33;313;1
4029;14664.0;57;364;19
4030;15526.0;2;26;32
4031;17831.0;1;17;32
4032;15025.0;46;236;32
4033;12357.0;81;3894;32
4034;17761.0;13;491;32
4035;15870.0;50;255;32
4036;14080.0;2;20;32
4037;17623.0;20;301;32
4038;13673.0;43;288;18
4039;14073.0;9;111;31
4040;16070.0;21;571;21
4041;13066.0;32;283;23
4042;14929.0;5;68;31
4043;13710.0;6;94;31
4044;16732.0;17;369;31
4045;14140.0;46;614;3
4046;17219.0;16;81;31
4047;16505.0;2;478;31
4048;15957.0;26;265;31
4049;18123.0;19;398;23
4050;15043.0;2;358;30
4051;17313.0;19;1394;17
4052;18216.0;16;313;30
4053;17022.0;3;37;30
4054;15153.0;16;247;30
4055;16759.0;31;598;7
4056;16751.0;19;785;30
4057;12893.0;17;95;30
4058;14836.0;4;76;9
4059;17011.0;12;225;29
4060;12532.0;11;258;29
4061;17038.0;14;73;29
4062;14968.0;25;96;29
4063;12504.0;8;72;17
4064;16516.0;5;86;29
4065;13522.0;3;93;29
4066;15986.0;8;96;29
4067;13992.0;3;48;29
4068;14354.0;4;70;5
4069;16986.0;2;1810;29
4070;16953.0;1;20;29
4071;18274.0;13;15;17
4072;15450.0;19;235;29
4073;15531.0;140;1309;7
4074;17500.0;3;373;22
4075;17197.0;16;377;29
4076;16025.0;17;255;29
4077;12659.0;4;63;29
4078;17461.0;72;465;22
4079;17791.0;6;69;29
4080;15463.0;5;103;28
4081;17977.0;10;157;28
4082;12617.0;24;189;28
4083;14863.0;8;214;28
4084;16903.0;41;236;28
4085;12508.0;38;210;25
4086;17502.0;17;418;8
4087;12538.0;10;156;28
4088;17901.0;9;70;28
4089;14789.0;4;136;28
4090;18209.0;8;139;28
4091;12985.0;51;876;0
4092;15557.0;15;393;28
4093;16433.0;14;108;27
4094;15692.0;7;118;27
4095;17052.0;60;270;27
4096;16368.0;53;378;1
4097;18014.0;19;89;27
4098;13732.0;22;315;27
4099;13091.0;18;235;20
4100;14661.0;2;67;26
4101;13170.0;15;71;26
4102;14784.0;7;103;25
4103;15654.0;12;463;8
4104;13146.0;11;113;25
4105;14788.0;19;428;6
4106;13603.0;17;103;25
4107;14382.0;81;423;25
4108;16720.0;15;72;25
4109;14904.0;31;423;1
4110;14494.0;5;92;25
4111;14902.0;12;124;20
4112;16936.0;38;169;25
4113;12938.0;4;43;25
4114;15168.0;3;82;25
4115;17538.0;4;49;25
4116;18082.0;37;411;25
4117;18117.0;42;206;25
4118;15458.0;3;89;24
4119;17566.0;89;539;7
4120;16207.0;12;243;24
4121;12762.0;39;1053;7
4122;17793.0;33;156;24
4123;14953.0;38;184;24
4124;16504.0;50;279;24
4125;12374.0;16;418;24
4126;15009.0;117;794;11
4127;16878.0;1;-9;24
4128;16423.0;12;187;24
4129;15419.0;6;84;24
4130;17510.0;11;176;24
4131;15758.0;5;94;24
4132;14725.0;31;373;24
4133;14666.0;6;48;23
4134;14714.0;5;38;23
4135;17153.0;11;166;23
4136;12950.0;13;1256;1
4137;15720.0;82;399;23
4138;18181.0;28;232;23
4139;15556.0;19;189;23
4140;17357.0;32;231;23
4141;12890.0;46;182;23
4142;13449.0;12;148;23
4143;15269.0;1;118;23
4144;14385.0;6;109;8
4145;15900.0;30;180;23
4146;17680.0;7;91;23
4147;13926.0;6;116;22
4148;16204.0;29;186;22
4149;17835.0;36;175;2
4150;15432.0;7;129;22
4151;18006.0;11;270;22
4152;15657.0;1;30;22
4153;17237.0;9;173;10
4154;13160.0;3;76;21
4155;12847.0;56;487;21
4156;17397.0;48;322;21
4157;17985.0;12;363;21
4158;14362.0;26;92;21
4159;13828.0;9;121;21
4160;15435.0;13;65;21
4161;12445.0;3;77;21
4162;12603.0;2;613;21
4163;14641.0;3;27;21
4164;12618.0;8;126;21
4165;15621.0;13;614;3
4166;12391.0;63;337;21
4167;18034.0;63;204;21
4168;17286.0;27;89;21
4169;17904.0;22;128;20
4170;17301.0;48;139;20
4171;15368.0;1;16;20
4172;14793.0;7;98;3
4173;17650.0;6;126;20
4174;12702.0;4;65;19
4175;14881.0;9;128;19
4176;16784.0;1;30;19
4177;14052.0;35;151;19
4178;18110.0;29;111;18
4179;17561.0;32;121;18
4180;15988.0;15;70;18
4181;17523.0;20;409;10
4182;14950.0;12;228;8
4183;16666.0;21;82;18
4184;14860.0;6;63;18
4185;17636.0;15;151;8
4186;13142.0;16;210;18
4187;18080.0;1;390;18
4188;16366.0;10;147;18
4189;14300.0;1;16;18
4190;12349.0;45;1141;18
4191;12658.0;26;453;18
4192;12795.0;9;323;18
4193;15567.0;3;142;18
4194;15645.0;25;272;18
4195;16406.0;41;102;18
4196;15857.0;10;169;18
4197;12984.0;3;79;18
4198;17253.0;10;92;17
4199;13739.0;1;91;17
4200;18139.0;89;5256;16
4201;15274.0;29;422;3
4202;17010.0;6;118;17
4203;15115.0;15;223;17
4204;17100.0;42;608;17
4205;15699.0;14;241;17
4206;13403.0;1;45;17
4207;16956.0;11;205;8
4208;17600.0;9;103;17
4209;15877.0;72;287;1
4210;14424.0;1;322;17
4211;13322.0;17;98;16
4212;17297.0;33;87;16
4213;13986.0;7;140;16
4214;12920.0;16;103;16
4215;18249.0;4;41;16
4216;12586.0;6;125;16
4217;15634.0;9;158;16
4218;16376.0;82;650;8
4219;16811.0;14;251;4
4220;12452.0;15;201;16
4221;14581.0;8;86;16
4222;14675.0;64;429;15
4223;17290.0;60;253;3
4224;16343.0;28;213;15
4225;13638.0;5;72;15
4226;16482.0;13;162;15
4227;12784.0;36;329;14
4228;17458.0;30;173;14
4229;14785.0;2;67;9
4230;17254.0;70;171;4
4231;17767.0;11;131;14
4232;15725.0;20;258;14
4233;17247.0;41;203;14
4234;18184.0;1;49;14
4235;15428.0;3;35;14
4236;17727.0;43;712;14
4237;14756.0;25;504;14
4238;16856.0;2;35;14
4239;14703.0;17;263;14
4240;17385.0;32;213;14
4241;12531.0;12;92;14
4242;15872.0;82;243;14
4243;14966.0;24;128;14
4244;17232.0;18;209;2
4245;17468.0;3;90;13
4246;13332.0;14;239;13
4247;14946.0;2;67;13
4248;13256.0;1;0;13
4249;13596.0;100;402;5
4250;16024.0;37;137;11
4251;14954.0;47;176;11
4252;17885.0;36;114;11
4253;14093.0;62;273;11
4254;14893.0;34;651;9
4255;15721.0;53;298;11
4256;17852.0;18;78;11
4257;13844.0;12;209;10
4258;12479.0;23;317;3
4259;12660.0;9;172;10
4260;15540.0;10;130;10
4261;17379.0;50;279;10
4262;16800.0;99;682;10
4263;17806.0;23;309;10
4264;17359.0;8;63;10
4265;13188.0;1;15;10
4266;14480.0;7;134;10
4267;13349.0;10;174;10
4268;15619.0;2;236;10
4269;15148.0;13;193;10
4270;14601.0;4;143;10
4271;15783.0;9;147;10
4272;17772.0;29;98;10
4273;14126.0;12;291;7
4274;16479.0;22;194;9
4275;13428.0;50;160;9
4276;15790.0;20;151;9
4277;13521.0;274;655;0
4278;14349.0;19;88;9
4279;18058.0;2;88;9
4280;12953.0;10;197;9
4281;12966.0;7;119;9
4282;15060.0;70;184;7
4283;17911.0;24;227;8
4284;14804.0;6;175;8
4285;15904.0;19;119;7
4286;16789.0;1;19;7
4287;12558.0;13;-11;1
4288;17942.0;1;75;7
4289;12587.0;3;104;7
4290;13560.0;20;105;6
4291;15539.0;21;332;6
4292;18174.0;1;104;6
4293;13153.0;10;415;5
4294;15773.0;5;76;5
4295;17936.0;47;262;4
4296;16535.0;19;384;4
4297;16988.0;5;78;4
4298;15097.0;17;167;3
4299;18015.0;27;69;3
4300;16597.0;5;59;3
4301;13790.0;27;215;3
4302;14219.0;4;29;3
4303;12367.0;8;124;3
4304;17383.0;33;131;3
4305;12478.0;23;430;3
4306;15992.0;1;13;3
4307;15318.0;22;178;3
4308;17914.0;46;183;3
4309;16528.0;10;155;3
4310;12442.0;9;125;2
4311;16569.0;4;113;2
4312;12650.0;11;265;2
4313;14578.0;15;114;2
4314;16000.0;5;7247;2
4315;15195.0;1;3861;2
4316;14087.0;42;95;2
4317;14204.0;24;89;1
4318;15471.0;47;302;1
4319;13436.0;10;155;1
4320;15520.0;11;233;1
4321;13298.0;2;360;0
4322;14569.0;7;207;0
4323;12713.0;20;373;0
